MapDate,Region,None,D0,D1,D2,D3,D4,ValidStart,ValidEnd,StatisticFormatID,ClimateDivisionsID
20211214,Western,0.00,0.00,"15,121.37","3,482.23","4,908.56",911.29,2021-12-14,2021-12-20,2,2401
20211207,Western,0.00,0.00,"10,560.59","6,605.00","6,335.84",922.02,2021-12-07,2021-12-13,2,2401
20211130,Western,0.00,0.00,"10,560.59","8,570.23","4,370.61",922.02,2021-11-30,2021-12-06,2,2401
20211123,Western,0.00,0.00,"10,560.59","8,570.23","4,370.61",922.02,2021-11-23,2021-11-29,2,2401
20211116,Western,0.00,0.00,"10,560.59","8,570.23","4,370.61",922.02,2021-11-16,2021-11-22,2,2401
20211109,Western,0.00,0.00,0.00,"19,130.83","4,053.12","1,239.51",2021-11-09,2021-11-15,2,2401
20211102,Western,0.00,0.00,0.00,"19,130.83","4,053.12","1,239.51",2021-11-02,2021-11-08,2,2401
20211026,Western,0.00,0.00,0.00,"18,295.91","4,879.45","1,248.10",2021-10-26,2021-11-01,2,2401
20211019,Western,0.00,0.00,0.00,"18,343.36","5,506.62",573.48,2021-10-19,2021-10-25,2,2401
20211012,Western,0.00,0.00,0.00,"19,752.82","4,097.16",573.48,2021-10-12,2021-10-18,2,2401
20211005,Western,0.00,0.00,0.00,"19,752.82","4,097.16",573.48,2021-10-05,2021-10-11,2,2401
20210928,Western,0.00,0.00,0.00,"21,443.04","2,406.93",573.48,2021-09-28,2021-10-04,2,2401
20210921,Western,0.00,0.00,0.00,"21,443.04","2,980.41",0.00,2021-09-21,2021-09-27,2,2401
20210914,Western,0.00,0.00,0.00,"16,983.43","7,440.02",0.00,2021-09-14,2021-09-20,2,2401
20210907,Western,0.00,0.00,0.00,"16,983.43","7,413.06",26.96,2021-09-07,2021-09-13,2,2401
20210831,Western,0.00,0.00,0.00,"16,983.43","7,413.06",26.96,2021-08-31,2021-09-06,2,2401
20210824,Western,0.00,0.00,0.00,"16,324.22","8,072.28",26.96,2021-08-24,2021-08-30,2,2401
20210817,Western,0.00,0.00,0.00,"16,324.22","8,072.28",26.96,2021-08-17,2021-08-23,2,2401
20210810,Western,0.00,0.00,0.00,"16,973.22","7,423.28",26.96,2021-08-10,2021-08-16,2,2401
20210803,Western,0.00,0.00,0.00,"16,970.80","7,452.65",0.00,2021-08-03,2021-08-09,2,2401
20210727,Western,0.00,0.00,"13,506.25","9,959.05",958.15,0.00,2021-07-27,2021-08-02,2,2401
20210720,Western,0.00,199.98,"13,306.27","10,170.35",746.85,0.00,2021-07-20,2021-07-26,2,2401
20210713,Western,0.00,"2,206.16","17,186.95","5,030.34",0.00,0.00,2021-07-13,2021-07-19,2,2401
20210706,Western,0.00,"12,603.87","11,216.53",603.05,0.00,0.00,2021-07-06,2021-07-12,2,2401
20210629,Western,"6,345.87","9,733.17","7,779.69",564.72,0.00,0.00,2021-06-29,2021-07-05,2,2401
20210622,Western,"7,286.30","12,602.69","4,031.37",503.09,0.00,0.00,2021-06-22,2021-06-28,2,2401
20210615,Western,"7,286.30","13,848.74","2,779.19",509.22,0.00,0.00,2021-06-15,2021-06-21,2,2401
20210608,Western,"6,811.66","14,323.39","2,779.19",509.22,0.00,0.00,2021-06-08,2021-06-14,2,2401
20210601,Western,"8,041.74","13,377.42","3,004.30",0.00,0.00,0.00,2021-06-01,2021-06-07,2,2401
20210525,Western,"6,439.69","10,375.88","7,607.88",0.00,0.00,0.00,2021-05-25,2021-05-31,2,2401
20210518,Western,"5,205.83","7,823.52","11,394.11",0.00,0.00,0.00,2021-05-18,2021-05-24,2,2401
20210511,Western,"5,205.83","7,823.52","11,394.11",0.00,0.00,0.00,2021-05-11,2021-05-17,2,2401
20210504,Western,"5,205.83","7,835.66","11,381.97",0.00,0.00,0.00,2021-05-04,2021-05-10,2,2401
20210427,Western,"5,180.99","9,194.78","10,047.68",0.00,0.00,0.00,2021-04-27,2021-05-03,2,2401
20210420,Western,"5,188.76","9,187.01","10,047.68",0.00,0.00,0.00,2021-04-20,2021-04-26,2,2401
20210413,Western,"11,159.85","13,263.61",0.00,0.00,0.00,0.00,2021-04-13,2021-04-19,2,2401
20210406,Western,"16,929.85","7,493.61",0.00,0.00,0.00,0.00,2021-04-06,2021-04-12,2,2401
20210330,Western,"17,059.48","7,363.97",0.00,0.00,0.00,0.00,2021-03-30,2021-04-05,2,2401
20210323,Western,"21,532.93","2,890.53",0.00,0.00,0.00,0.00,2021-03-23,2021-03-29,2,2401
20210316,Western,"21,621.93","2,801.53",0.00,0.00,0.00,0.00,2021-03-16,2021-03-22,2,2401
20210309,Western,"21,553.02","2,870.43",0.00,0.00,0.00,0.00,2021-03-09,2021-03-15,2,2401
20210302,Western,"21,553.02","2,757.71",112.72,0.00,0.00,0.00,2021-03-02,2021-03-08,2,2401
20210223,Western,"4,354.47","19,956.26",112.72,0.00,0.00,0.00,2021-02-23,2021-03-01,2,2401
20210216,Western,"4,354.47","19,956.26",112.72,0.00,0.00,0.00,2021-02-16,2021-02-22,2,2401
20210209,Western,"4,354.47","19,956.26",112.72,0.00,0.00,0.00,2021-02-09,2021-02-15,2,2401
20210202,Western,"4,354.47","19,956.26",112.72,0.00,0.00,0.00,2021-02-02,2021-02-08,2,2401
20210126,Western,"18,396.02","5,914.72",112.72,0.00,0.00,0.00,2021-01-26,2021-02-01,2,2401
20210119,Western,"23,766.64",656.81,0.00,0.00,0.00,0.00,2021-01-19,2021-01-25,2,2401
20210112,Western,"23,833.66",589.79,0.00,0.00,0.00,0.00,2021-01-12,2021-01-18,2,2401
20210105,Western,"24,335.23",88.23,0.00,0.00,0.00,0.00,2021-01-05,2021-01-11,2,2401
20201229,Western,"24,339.93",83.52,0.00,0.00,0.00,0.00,2020-12-29,2021-01-04,2,2401
20201222,Western,"24,339.93",83.52,0.00,0.00,0.00,0.00,2020-12-22,2020-12-28,2,2401
20201215,Western,"24,339.93",83.52,0.00,0.00,0.00,0.00,2020-12-15,2020-12-21,2,2401
20201208,Western,"24,339.93",83.52,0.00,0.00,0.00,0.00,2020-12-08,2020-12-14,2,2401
20201201,Western,"24,318.32",105.13,0.00,0.00,0.00,0.00,2020-12-01,2020-12-07,2,2401
20201124,Western,"23,494.82",928.63,0.00,0.00,0.00,0.00,2020-11-24,2020-11-30,2,2401
20201117,Western,"23,494.82",928.63,0.00,0.00,0.00,0.00,2020-11-17,2020-11-23,2,2401
20201110,Western,"15,894.34","8,031.60",497.51,0.00,0.00,0.00,2020-11-10,2020-11-16,2,2401
20201103,Western,"13,152.91","10,533.46",737.08,0.00,0.00,0.00,2020-11-03,2020-11-09,2,2401
20201027,Western,"13,033.31","10,653.06",737.08,0.00,0.00,0.00,2020-10-27,2020-11-02,2,2401
20201020,Western,"3,524.71","20,161.66",737.08,0.00,0.00,0.00,2020-10-20,2020-10-26,2,2401
20201013,Western,"3,524.71","7,394.31","13,504.43",0.00,0.00,0.00,2020-10-13,2020-10-19,2,2401
20201006,Western,"3,524.71","7,963.09","12,935.65",0.00,0.00,0.00,2020-10-06,2020-10-12,2,2401
20200929,Western,"3,508.06","7,979.74","12,935.65",0.00,0.00,0.00,2020-09-29,2020-10-05,2,2401
20200922,Western,"3,434.63","13,367.84","7,620.99",0.00,0.00,0.00,2020-09-22,2020-09-28,2,2401
20200915,Western,"3,434.63","13,371.99","7,616.83",0.00,0.00,0.00,2020-09-15,2020-09-21,2,2401
20200908,Western,"13,357.32","10,808.35",257.78,0.00,0.00,0.00,2020-09-08,2020-09-14,2,2401
20200901,Western,"13,744.32","10,421.35",257.78,0.00,0.00,0.00,2020-09-01,2020-09-07,2,2401
20200825,Western,"14,018.25","10,405.21",0.00,0.00,0.00,0.00,2020-08-25,2020-08-31,2,2401
20200818,Western,"15,025.46","9,397.99",0.00,0.00,0.00,0.00,2020-08-18,2020-08-24,2,2401
20200811,Western,"21,377.48","3,045.98",0.00,0.00,0.00,0.00,2020-08-11,2020-08-17,2,2401
20200804,Western,"21,377.48","3,045.98",0.00,0.00,0.00,0.00,2020-08-04,2020-08-10,2,2401
20200728,Western,"24,423.45",0.00,0.00,0.00,0.00,0.00,2020-07-28,2020-08-03,2,2401
20200721,Western,"24,423.45",0.00,0.00,0.00,0.00,0.00,2020-07-21,2020-07-27,2,2401
20200714,Western,"24,423.45",0.00,0.00,0.00,0.00,0.00,2020-07-14,2020-07-20,2,2401
20200707,Western,"24,423.45",0.00,0.00,0.00,0.00,0.00,2020-07-07,2020-07-13,2,2401
20200630,Western,"24,423.45",0.00,0.00,0.00,0.00,0.00,2020-06-30,2020-07-06,2,2401
20200623,Western,"23,221.41","1,202.05",0.00,0.00,0.00,0.00,2020-06-23,2020-06-29,2,2401
20200616,Western,"23,163.63","1,259.82",0.00,0.00,0.00,0.00,2020-06-16,2020-06-22,2,2401
20200609,Western,"22,697.24","1,726.22",0.00,0.00,0.00,0.00,2020-06-09,2020-06-15,2,2401
20200602,Western,"22,721.91","1,701.54",0.00,0.00,0.00,0.00,2020-06-02,2020-06-08,2,2401
20200526,Western,"23,169.94","1,253.52",0.00,0.00,0.00,0.00,2020-05-26,2020-06-01,2,2401
20200519,Western,"20,368.79","2,852.61","1,202.05",0.00,0.00,0.00,2020-05-19,2020-05-25,2,2401
20200512,Western,"20,368.79","2,852.61","1,202.05",0.00,0.00,0.00,2020-05-12,2020-05-18,2,2401
20200505,Western,"20,412.27","2,809.14","1,202.05",0.00,0.00,0.00,2020-05-05,2020-05-11,2,2401
20200428,Western,"21,027.45","3,396.00",0.00,0.00,0.00,0.00,2020-04-28,2020-05-04,2,2401
20200421,Western,"21,027.45","3,396.00",0.00,0.00,0.00,0.00,2020-04-21,2020-04-27,2,2401
20200414,Western,"14,616.18","9,807.27",0.00,0.00,0.00,0.00,2020-04-14,2020-04-20,2,2401
20200407,Western,"19,353.73","5,069.72",0.00,0.00,0.00,0.00,2020-04-07,2020-04-13,2,2401
20200331,Western,"19,353.73","5,069.72",0.00,0.00,0.00,0.00,2020-03-31,2020-04-06,2,2401
20200324,Western,"19,353.73","5,069.72",0.00,0.00,0.00,0.00,2020-03-24,2020-03-30,2,2401
20200317,Western,"19,656.17","4,767.29",0.00,0.00,0.00,0.00,2020-03-17,2020-03-23,2,2401
20200310,Western,"19,665.47","4,757.99",0.00,0.00,0.00,0.00,2020-03-10,2020-03-16,2,2401
20200303,Western,"19,665.47","4,757.99",0.00,0.00,0.00,0.00,2020-03-03,2020-03-09,2,2401
20200225,Western,"22,813.05","1,610.40",0.00,0.00,0.00,0.00,2020-02-25,2020-03-02,2,2401
20200218,Western,"24,423.45",0.00,0.00,0.00,0.00,0.00,2020-02-18,2020-02-24,2,2401
20200211,Western,"24,423.45",0.00,0.00,0.00,0.00,0.00,2020-02-11,2020-02-17,2,2401
20200204,Western,"24,091.86",331.60,0.00,0.00,0.00,0.00,2020-02-04,2020-02-10,2,2401
20200128,Western,"18,437.77","5,985.69",0.00,0.00,0.00,0.00,2020-01-28,2020-02-03,2,2401
20200121,Western,"18,437.77","5,985.69",0.00,0.00,0.00,0.00,2020-01-21,2020-01-27,2,2401
20200114,Western,"11,505.37","12,918.08",0.00,0.00,0.00,0.00,2020-01-14,2020-01-20,2,2401
20200107,Western,"11,318.89","13,020.03",84.54,0.00,0.00,0.00,2020-01-07,2020-01-13,2,2401
20191231,Western,"11,517.00","12,800.24",106.21,0.00,0.00,0.00,2019-12-31,2020-01-06,2,2401
20191224,Western,"11,517.13","12,800.13",106.19,0.00,0.00,0.00,2019-12-24,2019-12-30,2,2401
20191217,Western,"11,517.13","12,690.58",215.74,0.00,0.00,0.00,2019-12-17,2019-12-23,2,2401
20191210,Western,"17,534.91","6,888.55",0.00,0.00,0.00,0.00,2019-12-10,2019-12-16,2,2401
20191203,Western,"24,423.45",0.00,0.00,0.00,0.00,0.00,2019-12-03,2019-12-09,2,2401
20191126,Western,"24,423.45",0.00,0.00,0.00,0.00,0.00,2019-11-26,2019-12-02,2,2401
20191119,Western,"24,423.45",0.00,0.00,0.00,0.00,0.00,2019-11-19,2019-11-25,2,2401
20191112,Western,"24,423.45",0.00,0.00,0.00,0.00,0.00,2019-11-12,2019-11-18,2,2401
20191105,Western,"24,423.45",0.00,0.00,0.00,0.00,0.00,2019-11-05,2019-11-11,2,2401
20191029,Western,"24,423.45",0.00,0.00,0.00,0.00,0.00,2019-10-29,2019-11-04,2,2401
20191022,Western,"24,286.96",136.49,0.00,0.00,0.00,0.00,2019-10-22,2019-10-28,2,2401
20191015,Western,"24,286.96",136.49,0.00,0.00,0.00,0.00,2019-10-15,2019-10-21,2,2401
20191008,Western,"24,286.94",136.52,0.00,0.00,0.00,0.00,2019-10-08,2019-10-14,2,2401
20191001,Western,"20,581.82","3,704.43",137.20,0.00,0.00,0.00,2019-10-01,2019-10-07,2,2401
20190924,Western,"20,581.82","3,704.43",137.20,0.00,0.00,0.00,2019-09-24,2019-09-30,2,2401
20190917,Western,"16,823.07","3,843.24","3,757.15",0.00,0.00,0.00,2019-09-17,2019-09-23,2,2401
20190910,Western,"16,823.07","3,843.24","3,757.15",0.00,0.00,0.00,2019-09-10,2019-09-16,2,2401
20190903,Western,"11,558.05","7,806.16","5,059.25",0.00,0.00,0.00,2019-09-03,2019-09-09,2,2401
20190827,Western,"11,558.05","7,806.16","5,059.25",0.00,0.00,0.00,2019-08-27,2019-09-02,2,2401
20190820,Western,"11,558.05","7,806.16","5,059.25",0.00,0.00,0.00,2019-08-20,2019-08-26,2,2401
20190813,Western,"11,558.05","7,806.16","5,059.25",0.00,0.00,0.00,2019-08-13,2019-08-19,2,2401
20190806,Western,"2,641.78","16,722.42","5,059.25",0.00,0.00,0.00,2019-08-06,2019-08-12,2,2401
20190730,Western,"4,201.11","15,163.10","5,059.25",0.00,0.00,0.00,2019-07-30,2019-08-05,2,2401
20190723,Western,"4,201.11","15,163.10","5,059.25",0.00,0.00,0.00,2019-07-23,2019-07-29,2,2401
20190716,Western,"4,059.48","15,304.72","4,384.54",674.71,0.00,0.00,2019-07-16,2019-07-22,2,2401
20190709,Western,"4,059.37","15,304.75","4,384.58",674.75,0.00,0.00,2019-07-09,2019-07-15,2,2401
20190702,Western,"6,487.10","12,877.03","4,384.58",674.75,0.00,0.00,2019-07-02,2019-07-08,2,2401
20190625,Western,"14,453.59","4,910.62","4,384.54",674.71,0.00,0.00,2019-06-25,2019-07-01,2,2401
20190618,Western,"14,453.59","7,385.60","2,584.26",0.00,0.00,0.00,2019-06-18,2019-06-24,2,2401
20190611,Western,"14,453.59","7,405.35","2,564.52",0.00,0.00,0.00,2019-06-11,2019-06-17,2,2401
20190604,Western,"14,454.09","7,406.63","2,562.74",0.00,0.00,0.00,2019-06-04,2019-06-10,2,2401
20190528,Western,"14,453.99","7,406.65","2,562.81",0.00,0.00,0.00,2019-05-28,2019-06-03,2,2401
20190521,Western,"16,643.77","7,779.68",0.00,0.00,0.00,0.00,2019-05-21,2019-05-27,2,2401
20190514,Western,"16,643.77","7,779.68",0.00,0.00,0.00,0.00,2019-05-14,2019-05-20,2,2401
20190507,Western,"16,643.68","7,779.77",0.00,0.00,0.00,0.00,2019-05-07,2019-05-13,2,2401
20190430,Western,"16,643.68","7,779.77",0.00,0.00,0.00,0.00,2019-04-30,2019-05-06,2,2401
20190423,Western,"16,423.95","7,999.50",0.00,0.00,0.00,0.00,2019-04-23,2019-04-29,2,2401
20190416,Western,"16,423.95","7,999.50",0.00,0.00,0.00,0.00,2019-04-16,2019-04-22,2,2401
20190409,Western,"16,409.80","8,013.65",0.00,0.00,0.00,0.00,2019-04-09,2019-04-15,2,2401
20190402,Western,"16,361.09","8,062.37",0.00,0.00,0.00,0.00,2019-04-02,2019-04-08,2,2401
20190326,Western,"16,795.97","7,627.49",0.00,0.00,0.00,0.00,2019-03-26,2019-04-01,2,2401
20190319,Western,"16,795.97","7,627.49",0.00,0.00,0.00,0.00,2019-03-19,2019-03-25,2,2401
20190312,Western,"16,811.20","7,612.25",0.00,0.00,0.00,0.00,2019-03-12,2019-03-18,2,2401
20190305,Western,"13,524.71","10,898.74",0.00,0.00,0.00,0.00,2019-03-05,2019-03-11,2,2401
20190226,Western,"12,035.91","12,387.55",0.00,0.00,0.00,0.00,2019-02-26,2019-03-04,2,2401
20190219,Western,"11,976.26","12,447.19",0.00,0.00,0.00,0.00,2019-02-19,2019-02-25,2,2401
20190212,Western,"10,192.77","12,875.46","1,355.22",0.00,0.00,0.00,2019-02-12,2019-02-18,2,2401
20190205,Western,"10,192.77","12,875.46","1,355.22",0.00,0.00,0.00,2019-02-05,2019-02-11,2,2401
20190129,Western,"11,540.36","11,527.87","1,355.22",0.00,0.00,0.00,2019-01-29,2019-02-04,2,2401
20190122,Western,"11,540.36","11,527.87","1,355.22",0.00,0.00,0.00,2019-01-22,2019-01-28,2,2401
20190115,Western,"11,540.36","11,527.87","1,355.22",0.00,0.00,0.00,2019-01-15,2019-01-21,2,2401
20190108,Western,"15,671.44","7,396.79","1,355.22",0.00,0.00,0.00,2019-01-08,2019-01-14,2,2401
20190101,Western,"15,671.54","7,396.69","1,355.22",0.00,0.00,0.00,2019-01-01,2019-01-07,2,2401
20181225,Western,"14,848.66","7,422.26","2,152.53",0.00,0.00,0.00,2018-12-25,2018-12-31,2,2401
20181218,Western,"14,848.66","7,422.26","2,152.53",0.00,0.00,0.00,2018-12-18,2018-12-24,2,2401
20181211,Western,"14,841.64","7,429.28","2,152.53",0.00,0.00,0.00,2018-12-11,2018-12-17,2,2401
20181204,Western,"16,981.18","5,289.75","2,152.53",0.00,0.00,0.00,2018-12-04,2018-12-10,2,2401
20181127,Western,"16,981.18","5,289.75","2,152.53",0.00,0.00,0.00,2018-11-27,2018-12-03,2,2401
20181120,Western,"16,981.18","5,289.75","2,152.53",0.00,0.00,0.00,2018-11-20,2018-11-26,2,2401
20181113,Western,"16,981.18","5,289.75","2,152.53",0.00,0.00,0.00,2018-11-13,2018-11-19,2,2401
20181106,Western,"15,820.62","6,450.30","2,152.53",0.00,0.00,0.00,2018-11-06,2018-11-12,2,2401
20181030,Western,"9,939.66","6,667.59","6,690.52","1,125.68",0.00,0.00,2018-10-30,2018-11-05,2,2401
20181023,Western,"9,939.66","6,667.59","6,690.52","1,125.68",0.00,0.00,2018-10-23,2018-10-29,2,2401
20181016,Western,"9,939.66","6,667.59","6,690.52","1,125.68",0.00,0.00,2018-10-16,2018-10-22,2,2401
20181009,Western,"9,939.66","6,667.59","6,631.90","1,184.30",0.00,0.00,2018-10-09,2018-10-15,2,2401
20181002,Western,27.50,"16,579.75","3,787.33","4,028.88",0.00,0.00,2018-10-02,2018-10-08,2,2401
20180925,Western,27.50,"16,579.75","3,787.33","4,028.88",0.00,0.00,2018-09-25,2018-10-01,2,2401
20180918,Western,27.50,"16,579.75","3,787.33","4,028.88",0.00,0.00,2018-09-18,2018-09-24,2,2401
20180911,Western,27.50,"16,579.75","3,787.33","4,028.88",0.00,0.00,2018-09-11,2018-09-17,2,2401
20180904,Western,27.50,"16,579.75","3,787.33","4,028.88",0.00,0.00,2018-09-04,2018-09-10,2,2401
20180828,Western,27.50,"16,579.75","3,787.33","4,028.88",0.00,0.00,2018-08-28,2018-09-03,2,2401
20180821,Western,27.50,"16,579.75","5,178.68","2,637.53",0.00,0.00,2018-08-21,2018-08-27,2,2401
20180814,Western,0.00,"16,607.25","5,178.68","2,637.53",0.00,0.00,2018-08-14,2018-08-20,2,2401
20180807,Western,"14,393.13","2,213.93","5,178.83","2,637.56",0.00,0.00,2018-08-07,2018-08-13,2,2401
20180731,Western,"14,393.22","3,920.79","6,109.44",0.00,0.00,0.00,2018-07-31,2018-08-06,2,2401
20180724,Western,"15,184.43","4,563.60","4,675.43",0.00,0.00,0.00,2018-07-24,2018-07-30,2,2401
20180717,Western,"17,382.42","2,365.61","4,675.43",0.00,0.00,0.00,2018-07-17,2018-07-23,2,2401
20180710,Western,"17,486.48","2,261.55","4,675.43",0.00,0.00,0.00,2018-07-10,2018-07-16,2,2401
20180703,Western,"18,046.39","6,377.06",0.00,0.00,0.00,0.00,2018-07-03,2018-07-09,2,2401
20180626,Western,"18,046.47","6,376.99",0.00,0.00,0.00,0.00,2018-06-26,2018-07-02,2,2401
20180619,Western,"18,046.47","6,376.99",0.00,0.00,0.00,0.00,2018-06-19,2018-06-25,2,2401
20180612,Western,"24,423.45",0.00,0.00,0.00,0.00,0.00,2018-06-12,2018-06-18,2,2401
20180605,Western,"24,423.45",0.00,0.00,0.00,0.00,0.00,2018-06-05,2018-06-11,2,2401
20180529,Western,"24,423.45",0.00,0.00,0.00,0.00,0.00,2018-05-29,2018-06-04,2,2401
20180522,Western,"24,423.45",0.00,0.00,0.00,0.00,0.00,2018-05-22,2018-05-28,2,2401
20180515,Western,"24,423.45",0.00,0.00,0.00,0.00,0.00,2018-05-15,2018-05-21,2,2401
20180508,Western,"24,423.45",0.00,0.00,0.00,0.00,0.00,2018-05-08,2018-05-14,2,2401
20180501,Western,"24,423.45",0.00,0.00,0.00,0.00,0.00,2018-05-01,2018-05-07,2,2401
20180424,Western,"24,423.45",0.00,0.00,0.00,0.00,0.00,2018-04-24,2018-04-30,2,2401
20180417,Western,"24,423.45",0.00,0.00,0.00,0.00,0.00,2018-04-17,2018-04-23,2,2401
20180410,Western,"24,423.45",0.00,0.00,0.00,0.00,0.00,2018-04-10,2018-04-16,2,2401
20180403,Western,"24,423.46",0.00,0.00,0.00,0.00,0.00,2018-04-03,2018-04-09,2,2401
20180327,Western,"24,423.45",0.00,0.00,0.00,0.00,0.00,2018-03-27,2018-04-02,2,2401
20180320,Western,"24,423.45",0.00,0.00,0.00,0.00,0.00,2018-03-20,2018-03-26,2,2401
20180313,Western,"24,423.45",0.00,0.00,0.00,0.00,0.00,2018-03-13,2018-03-19,2,2401
20180306,Western,"24,423.45",0.00,0.00,0.00,0.00,0.00,2018-03-06,2018-03-12,2,2401
20180227,Western,"24,423.45",0.00,0.00,0.00,0.00,0.00,2018-02-27,2018-03-05,2,2401
20180220,Western,"24,423.45",0.00,0.00,0.00,0.00,0.00,2018-02-20,2018-02-26,2,2401
20180213,Western,"24,423.45",0.00,0.00,0.00,0.00,0.00,2018-02-13,2018-02-19,2,2401
20180206,Western,"24,423.45",0.00,0.00,0.00,0.00,0.00,2018-02-06,2018-02-12,2,2401
20180130,Western,"24,423.45",0.00,0.00,0.00,0.00,0.00,2018-01-30,2018-02-05,2,2401
20180123,Western,"24,423.45",0.00,0.00,0.00,0.00,0.00,2018-01-23,2018-01-29,2,2401
20180116,Western,"24,423.45",0.00,0.00,0.00,0.00,0.00,2018-01-16,2018-01-22,2,2401
20180109,Western,"24,423.45",0.00,0.00,0.00,0.00,0.00,2018-01-09,2018-01-15,2,2401
20180102,Western,"24,423.45",0.00,0.00,0.00,0.00,0.00,2018-01-02,2018-01-08,2,2401
20171226,Western,"13,092.46","11,330.99",0.00,0.00,0.00,0.00,2017-12-26,2018-01-01,2,2401
20171219,Western,"11,917.00","12,268.04",238.42,0.00,0.00,0.00,2017-12-19,2017-12-25,2,2401
20171212,Western,"11,917.00","12,268.05",238.40,0.00,0.00,0.00,2017-12-12,2017-12-18,2,2401
20171205,Western,"11,917.00","12,268.06",238.39,0.00,0.00,0.00,2017-12-05,2017-12-11,2,2401
20171128,Western,"11,902.82","12,282.24",238.40,0.00,0.00,0.00,2017-11-28,2017-12-04,2,2401
20171121,Western,"10,079.64","7,772.17","6,571.65",0.00,0.00,0.00,2017-11-21,2017-11-27,2,2401
20171114,Western,"10,079.64","7,772.17","6,571.65",0.00,0.00,0.00,2017-11-14,2017-11-20,2,2401
20171107,Western,"10,079.64","7,772.17","6,571.65",0.00,0.00,0.00,2017-11-07,2017-11-13,2,2401
20171031,Western,"3,950.79","9,372.02","11,100.65",0.00,0.00,0.00,2017-10-31,2017-11-06,2,2401
20171024,Western,"3,950.79","9,372.02","11,100.65",0.00,0.00,0.00,2017-10-24,2017-10-30,2,2401
20171017,Western,0.00,"8,814.68","6,641.78","8,966.99",0.00,0.00,2017-10-17,2017-10-23,2,2401
20171010,Western,0.00,"8,814.68","6,641.78","8,966.99",0.00,0.00,2017-10-10,2017-10-16,2,2401
20171003,Western,0.00,"8,814.73","5,436.17","10,172.55",0.00,0.00,2017-10-03,2017-10-09,2,2401
20170926,Western,0.00,251.58,"9,162.30","15,009.57",0.00,0.00,2017-09-26,2017-10-02,2,2401
20170919,Western,0.00,251.59,"9,020.65","15,151.22",0.00,0.00,2017-09-19,2017-09-25,2,2401
20170912,Western,0.00,251.59,"8,988.09","15,183.78",0.00,0.00,2017-09-12,2017-09-18,2,2401
20170905,Western,0.00,251.59,"12,376.49","11,795.38",0.00,0.00,2017-09-05,2017-09-11,2,2401
20170829,Western,0.00,244.01,"15,865.49","8,313.96",0.00,0.00,2017-08-29,2017-09-04,2,2401
20170822,Western,0.00,244.01,"15,865.49","8,313.96",0.00,0.00,2017-08-22,2017-08-28,2,2401
20170815,Western,0.00,"8,127.58","7,995.42","8,300.45",0.00,0.00,2017-08-15,2017-08-21,2,2401
20170808,Western,"1,790.23","11,604.30","6,102.32","4,926.61",0.00,0.00,2017-08-08,2017-08-14,2,2401
20170801,Western,"1,807.76","11,586.77","11,028.92",0.00,0.00,0.00,2017-08-01,2017-08-07,2,2401
20170725,Western,"1,958.78","18,063.36","4,401.31",0.00,0.00,0.00,2017-07-25,2017-07-31,2,2401
20170718,Western,"6,209.48","18,213.98",0.00,0.00,0.00,0.00,2017-07-18,2017-07-24,2,2401
20170711,Western,"17,501.87","6,921.58",0.00,0.00,0.00,0.00,2017-07-11,2017-07-17,2,2401
20170704,Western,"24,423.45",0.00,0.00,0.00,0.00,0.00,2017-07-04,2017-07-10,2,2401
20170627,Western,"24,423.45",0.00,0.00,0.00,0.00,0.00,2017-06-27,2017-07-03,2,2401
20170620,Western,"24,423.45",0.00,0.00,0.00,0.00,0.00,2017-06-20,2017-06-26,2,2401
20170613,Western,"24,423.45",0.00,0.00,0.00,0.00,0.00,2017-06-13,2017-06-19,2,2401
20170606,Western,"24,423.45",0.00,0.00,0.00,0.00,0.00,2017-06-06,2017-06-12,2,2401
20170530,Western,"24,423.45",0.00,0.00,0.00,0.00,0.00,2017-05-30,2017-06-05,2,2401
20170523,Western,"24,423.45",0.00,0.00,0.00,0.00,0.00,2017-05-23,2017-05-29,2,2401
20170516,Western,"24,423.45",0.00,0.00,0.00,0.00,0.00,2017-05-16,2017-05-22,2,2401
20170509,Western,"24,423.45",0.00,0.00,0.00,0.00,0.00,2017-05-09,2017-05-15,2,2401
20170502,Western,"24,423.45",0.00,0.00,0.00,0.00,0.00,2017-05-02,2017-05-08,2,2401
20170425,Western,"22,131.67","2,291.78",0.00,0.00,0.00,0.00,2017-04-25,2017-05-01,2,2401
20170418,Western,"22,131.71","2,291.74",0.00,0.00,0.00,0.00,2017-04-18,2017-04-24,2,2401
20170411,Western,"22,131.71","2,291.74",0.00,0.00,0.00,0.00,2017-04-11,2017-04-17,2,2401
20170404,Western,"22,131.67","2,291.78",0.00,0.00,0.00,0.00,2017-04-04,2017-04-10,2,2401
20170328,Western,"22,131.71","2,291.74",0.00,0.00,0.00,0.00,2017-03-28,2017-04-03,2,2401
20170321,Western,"22,131.71","2,291.74",0.00,0.00,0.00,0.00,2017-03-21,2017-03-27,2,2401
20170314,Western,"22,131.71","2,291.74",0.00,0.00,0.00,0.00,2017-03-14,2017-03-20,2,2401
20170307,Western,"22,131.71","2,291.74",0.00,0.00,0.00,0.00,2017-03-07,2017-03-13,2,2401
20170228,Western,"19,796.51","4,626.94",0.00,0.00,0.00,0.00,2017-02-28,2017-03-06,2,2401
20170221,Western,"18,317.73","3,799.20","2,306.52",0.00,0.00,0.00,2017-02-21,2017-02-27,2,2401
20170214,Western,"18,317.73","3,799.20","2,306.52",0.00,0.00,0.00,2017-02-14,2017-02-20,2,2401
20170207,Western,"18,317.73","3,799.20","2,306.52",0.00,0.00,0.00,2017-02-07,2017-02-13,2,2401
20170131,Western,"18,317.73","3,799.20","2,306.52",0.00,0.00,0.00,2017-01-31,2017-02-06,2,2401
20170124,Western,"18,317.73","3,799.20","2,306.52",0.00,0.00,0.00,2017-01-24,2017-01-30,2,2401
20170117,Western,"18,317.73","3,799.20","2,306.52",0.00,0.00,0.00,2017-01-17,2017-01-23,2,2401
20170110,Western,"18,317.73","3,799.20","2,306.52",0.00,0.00,0.00,2017-01-10,2017-01-16,2,2401
20170103,Western,"15,969.24","5,564.01","2,890.20",0.00,0.00,0.00,2017-01-03,2017-01-09,2,2401
20161227,Western,"15,969.24","5,564.01","2,890.20",0.00,0.00,0.00,2016-12-27,2017-01-02,2,2401
20161220,Western,"15,969.24","5,564.01","2,890.20",0.00,0.00,0.00,2016-12-20,2016-12-26,2,2401
20161213,Western,"15,969.24","5,564.01","2,890.20",0.00,0.00,0.00,2016-12-13,2016-12-19,2,2401
20161206,Western,"15,969.24","5,564.01","2,890.20",0.00,0.00,0.00,2016-12-06,2016-12-12,2,2401
20161129,Western,"15,969.24","5,564.01","2,890.20",0.00,0.00,0.00,2016-11-29,2016-12-05,2,2401
20161122,Western,"18,918.42","2,614.83","2,890.20",0.00,0.00,0.00,2016-11-22,2016-11-28,2,2401
20161115,Western,"18,918.42","2,614.83","2,890.20",0.00,0.00,0.00,2016-11-15,2016-11-21,2,2401
20161108,Western,"18,918.42","2,614.83","2,890.20",0.00,0.00,0.00,2016-11-08,2016-11-14,2,2401
20161101,Western,"18,918.42","2,614.83","2,890.20",0.00,0.00,0.00,2016-11-01,2016-11-07,2,2401
20161025,Western,"18,918.42","2,614.83","2,890.20",0.00,0.00,0.00,2016-10-25,2016-10-31,2,2401
20161018,Western,"18,918.42","2,614.83","2,890.20",0.00,0.00,0.00,2016-10-18,2016-10-24,2,2401
20161011,Western,"9,248.67","11,674.19","3,500.60",0.00,0.00,0.00,2016-10-11,2016-10-17,2,2401
20161004,Western,"4,137.01","5,355.68","12,318.63","2,612.13",0.00,0.00,2016-10-04,2016-10-10,2,2401
20160927,Western,"4,137.01","5,355.68","12,318.63","2,612.13",0.00,0.00,2016-09-27,2016-10-03,2,2401
20160920,Western,"4,137.01","5,355.68","12,318.63","2,612.13",0.00,0.00,2016-09-20,2016-09-26,2,2401
20160913,Western,"4,137.01","5,355.68","9,527.34","5,403.42",0.00,0.00,2016-09-13,2016-09-19,2,2401
20160906,Western,"4,169.04","5,323.65","9,527.34","5,403.42",0.00,0.00,2016-09-06,2016-09-12,2,2401
20160830,Western,"4,169.04","5,323.65","9,527.34","5,403.42",0.00,0.00,2016-08-30,2016-09-05,2,2401
20160823,Western,"4,169.04","5,323.65","9,527.34","5,403.42",0.00,0.00,2016-08-23,2016-08-29,2,2401
20160816,Western,"4,169.04","5,323.65","9,527.34","5,403.42",0.00,0.00,2016-08-16,2016-08-22,2,2401
20160809,Western,"4,169.04","5,323.65","9,527.34","5,403.42",0.00,0.00,2016-08-09,2016-08-15,2,2401
20160802,Western,"4,169.04","11,374.65","8,879.76",0.00,0.00,0.00,2016-08-02,2016-08-08,2,2401
20160726,Western,"4,169.04","11,374.65","8,879.76",0.00,0.00,0.00,2016-07-26,2016-08-01,2,2401
20160719,Western,"4,169.04","11,374.65","8,879.76",0.00,0.00,0.00,2016-07-19,2016-07-25,2,2401
20160712,Western,"6,093.11","15,818.28","2,512.07",0.00,0.00,0.00,2016-07-12,2016-07-18,2,2401
20160705,Western,"5,264.10","16,647.29","2,512.07",0.00,0.00,0.00,2016-07-05,2016-07-11,2,2401
20160628,Western,"5,264.10","16,647.29","2,512.07",0.00,0.00,0.00,2016-06-28,2016-07-04,2,2401
20160621,Western,"6,786.09","15,125.29","2,512.07",0.00,0.00,0.00,2016-06-21,2016-06-27,2,2401
20160614,Western,"6,786.09","15,125.29","2,512.07",0.00,0.00,0.00,2016-06-14,2016-06-20,2,2401
20160607,Western,"15,210.37","6,701.01","2,512.07",0.00,0.00,0.00,2016-06-07,2016-06-13,2,2401
20160531,Western,"15,267.31","6,644.07","2,512.07",0.00,0.00,0.00,2016-05-31,2016-06-06,2,2401
20160524,Western,"14,996.19","6,947.71","2,479.55",0.00,0.00,0.00,2016-05-24,2016-05-30,2,2401
20160517,Western,"14,996.19","6,947.71","2,479.55",0.00,0.00,0.00,2016-05-17,2016-05-23,2,2401
20160510,Western,"14,996.19","6,947.71","2,479.55",0.00,0.00,0.00,2016-05-10,2016-05-16,2,2401
20160503,Western,"14,996.19","6,947.71","2,479.55",0.00,0.00,0.00,2016-05-03,2016-05-09,2,2401
20160426,Western,"14,996.19","6,947.71","2,479.55",0.00,0.00,0.00,2016-04-26,2016-05-02,2,2401
20160419,Western,"14,996.19","6,947.71","2,479.55",0.00,0.00,0.00,2016-04-19,2016-04-25,2,2401
20160412,Western,"14,982.92","6,588.61","2,698.42",153.50,0.00,0.00,2016-04-12,2016-04-18,2,2401
20160405,Western,"14,982.92","6,588.61","2,698.42",153.50,0.00,0.00,2016-04-05,2016-04-11,2,2401
20160329,Western,"10,532.92","6,783.68","6,591.76",515.08,0.00,0.00,2016-03-29,2016-04-04,2,2401
20160322,Western,"10,532.92","6,752.11","6,623.33",515.08,0.00,0.00,2016-03-22,2016-03-28,2,2401
20160315,Western,"1,708.86","14,417.93","7,038.97","1,257.69",0.00,0.00,2016-03-15,2016-03-21,2,2401
20160308,Western,4.46,"16,122.33","7,038.97","1,257.69",0.00,0.00,2016-03-08,2016-03-14,2,2401
20160301,Western,4.46,"1,208.01","11,752.85","11,458.14",0.00,0.00,2016-03-01,2016-03-07,2,2401
20160223,Western,0.00,132.40,"9,877.11","14,413.95",0.00,0.00,2016-02-23,2016-02-29,2,2401
20160216,Western,0.00,132.40,"9,877.11","14,413.95",0.00,0.00,2016-02-16,2016-02-22,2,2401
20160209,Western,0.00,132.40,"6,825.33","12,261.26","5,204.46",0.00,2016-02-09,2016-02-15,2,2401
20160202,Western,0.00,132.40,"6,825.33","12,261.26","5,204.46",0.00,2016-02-02,2016-02-08,2,2401
20160126,Western,0.00,132.40,"4,984.13","14,102.46","5,204.46",0.00,2016-01-26,2016-02-01,2,2401
20160119,Western,0.00,0.92,"5,115.61","14,102.46","5,204.46",0.00,2016-01-19,2016-01-25,2,2401
20160112,Western,0.00,0.92,"4,593.59","14,624.48","5,204.46",0.00,2016-01-12,2016-01-18,2,2401
20160105,Western,0.00,0.92,"4,593.59","14,624.48","5,204.46",0.00,2016-01-05,2016-01-11,2,2401
20151229,Western,0.00,0.92,460.29,"18,757.78","5,204.46",0.00,2015-12-29,2016-01-04,2,2401
20151222,Western,0.00,0.00,461.21,"18,757.78","5,204.46",0.00,2015-12-22,2015-12-28,2,2401
20151215,Western,0.00,0.00,439.56,"18,779.43","5,204.46",0.00,2015-12-15,2015-12-21,2,2401
20151208,Western,0.00,0.00,13.37,"16,126.81","8,283.28",0.00,2015-12-08,2015-12-14,2,2401
20151201,Western,0.00,0.00,13.37,"16,126.81","8,283.28",0.00,2015-12-01,2015-12-07,2,2401
20151124,Western,0.00,0.00,0.71,"16,139.46","8,283.28",0.00,2015-11-24,2015-11-30,2,2401
20151117,Western,0.00,0.00,0.71,"16,139.46","8,283.28",0.00,2015-11-17,2015-11-23,2,2401
20151110,Western,0.00,0.00,0.00,"16,140.18","8,283.28",0.00,2015-11-10,2015-11-16,2,2401
20151103,Western,0.00,0.00,0.00,"11,582.97","12,840.48",0.00,2015-11-03,2015-11-09,2,2401
20151027,Western,0.00,0.00,0.00,"3,298.17","21,125.28",0.00,2015-10-27,2015-11-02,2,2401
20151020,Western,0.00,0.00,0.00,"3,298.17","21,125.28",0.00,2015-10-20,2015-10-26,2,2401
20151013,Western,0.00,0.00,0.00,"3,298.17","21,125.28",0.00,2015-10-13,2015-10-19,2,2401
20151006,Western,0.00,0.00,0.00,"3,298.17","21,125.28",0.00,2015-10-06,2015-10-12,2,2401
20150929,Western,0.00,0.00,248.54,"3,049.63","21,125.28",0.00,2015-09-29,2015-10-05,2,2401
20150922,Western,0.00,0.00,248.54,"3,049.63","21,125.28",0.00,2015-09-22,2015-09-28,2,2401
20150915,Western,0.00,0.00,248.54,"3,049.63","21,125.28",0.00,2015-09-15,2015-09-21,2,2401
20150908,Western,0.00,0.00,248.54,"3,049.63","21,125.28",0.00,2015-09-08,2015-09-14,2,2401
20150901,Western,0.00,0.00,248.54,"3,049.63","21,125.28",0.00,2015-09-01,2015-09-07,2,2401
20150825,Western,0.00,0.00,248.54,"3,180.09","20,994.82",0.00,2015-08-25,2015-08-31,2,2401
20150818,Western,0.00,0.00,253.32,"3,457.45","20,712.69",0.00,2015-08-18,2015-08-24,2,2401
20150811,Western,0.00,0.00,253.32,"3,457.45","20,712.69",0.00,2015-08-11,2015-08-17,2,2401
20150804,Western,0.00,0.00,253.32,"4,053.86","20,116.28",0.00,2015-08-04,2015-08-10,2,2401
20150728,Western,0.00,0.00,253.32,"4,053.86","20,116.28",0.00,2015-07-28,2015-08-03,2,2401
20150721,Western,0.00,0.00,253.32,"4,579.18","19,590.96",0.00,2015-07-21,2015-07-27,2,2401
20150714,Western,0.00,0.00,253.32,"4,579.18","19,590.96",0.00,2015-07-14,2015-07-20,2,2401
20150707,Western,0.00,0.00,253.32,"4,579.18","19,590.96",0.00,2015-07-07,2015-07-13,2,2401
20150630,Western,0.00,0.00,"1,017.43","23,406.03",0.00,0.00,2015-06-30,2015-07-06,2,2401
20150623,Western,0.00,310.71,"23,309.86",802.88,0.00,0.00,2015-06-23,2015-06-29,2,2401
20150616,Western,50.98,"9,037.87","15,334.61",0.00,0.00,0.00,2015-06-16,2015-06-22,2,2401
20150609,Western,733.30,"23,206.07",484.09,0.00,0.00,0.00,2015-06-09,2015-06-15,2,2401
20150602,Western,733.30,"23,206.07",484.09,0.00,0.00,0.00,2015-06-02,2015-06-08,2,2401
20150526,Western,"4,536.67","19,402.70",484.09,0.00,0.00,0.00,2015-05-26,2015-06-01,2,2401
20150519,Western,"19,718.52","4,220.85",484.09,0.00,0.00,0.00,2015-05-19,2015-05-25,2,2401
20150512,Western,"19,718.52","4,330.30",374.63,0.00,0.00,0.00,2015-05-12,2015-05-18,2,2401
20150505,Western,"19,718.52","4,330.30",374.63,0.00,0.00,0.00,2015-05-05,2015-05-11,2,2401
20150428,Western,"23,863.59",185.23,374.63,0.00,0.00,0.00,2015-04-28,2015-05-04,2,2401
20150421,Western,"24,030.57",392.88,0.00,0.00,0.00,0.00,2015-04-21,2015-04-27,2,2401
20150414,Western,"24,030.57",392.88,0.00,0.00,0.00,0.00,2015-04-14,2015-04-20,2,2401
20150407,Western,"24,026.80",396.65,0.00,0.00,0.00,0.00,2015-04-07,2015-04-13,2,2401
20150331,Western,"24,026.80",396.65,0.00,0.00,0.00,0.00,2015-03-31,2015-04-06,2,2401
20150324,Western,"24,026.80",396.65,0.00,0.00,0.00,0.00,2015-03-24,2015-03-30,2,2401
20150317,Western,"24,021.02",402.43,0.00,0.00,0.00,0.00,2015-03-17,2015-03-23,2,2401
20150310,Western,"24,021.02",402.43,0.00,0.00,0.00,0.00,2015-03-10,2015-03-16,2,2401
20150303,Western,"24,021.02",402.43,0.00,0.00,0.00,0.00,2015-03-03,2015-03-09,2,2401
20150224,Western,"24,021.02",402.43,0.00,0.00,0.00,0.00,2015-02-24,2015-03-02,2,2401
20150217,Western,"24,021.02",402.43,0.00,0.00,0.00,0.00,2015-02-17,2015-02-23,2,2401
20150210,Western,"24,021.02",402.43,0.00,0.00,0.00,0.00,2015-02-10,2015-02-16,2,2401
20150203,Western,"24,022.89",400.56,0.00,0.00,0.00,0.00,2015-02-03,2015-02-09,2,2401
20150127,Western,"24,022.89",400.56,0.00,0.00,0.00,0.00,2015-01-27,2015-02-02,2,2401
20150120,Western,"24,423.45",0.00,0.00,0.00,0.00,0.00,2015-01-20,2015-01-26,2,2401
20150113,Western,"24,423.45",0.00,0.00,0.00,0.00,0.00,2015-01-13,2015-01-19,2,2401
20150106,Western,"24,423.45",0.00,0.00,0.00,0.00,0.00,2015-01-06,2015-01-12,2,2401
20141230,Western,"24,423.45",0.00,0.00,0.00,0.00,0.00,2014-12-30,2015-01-05,2,2401
20141223,Western,"24,423.45",0.00,0.00,0.00,0.00,0.00,2014-12-23,2014-12-29,2,2401
20141216,Western,"24,423.45",0.00,0.00,0.00,0.00,0.00,2014-12-16,2014-12-22,2,2401
20141209,Western,"24,423.45",0.00,0.00,0.00,0.00,0.00,2014-12-09,2014-12-15,2,2401
20141202,Western,"24,423.45",0.00,0.00,0.00,0.00,0.00,2014-12-02,2014-12-08,2,2401
20141125,Western,"24,423.45",0.00,0.00,0.00,0.00,0.00,2014-11-25,2014-12-01,2,2401
20141118,Western,"23,712.93",710.53,0.00,0.00,0.00,0.00,2014-11-18,2014-11-24,2,2401
20141111,Western,"24,423.45",0.00,0.00,0.00,0.00,0.00,2014-11-11,2014-11-17,2,2401
20141104,Western,"24,423.45",0.00,0.00,0.00,0.00,0.00,2014-11-04,2014-11-10,2,2401
20141028,Western,"24,423.45",0.00,0.00,0.00,0.00,0.00,2014-10-28,2014-11-03,2,2401
20141021,Western,"17,288.47","7,134.98",0.00,0.00,0.00,0.00,2014-10-21,2014-10-27,2,2401
20141014,Western,"17,288.47","7,134.98",0.00,0.00,0.00,0.00,2014-10-14,2014-10-20,2,2401
20141007,Western,"17,288.47","7,134.98",0.00,0.00,0.00,0.00,2014-10-07,2014-10-13,2,2401
20140930,Western,"17,288.47","7,134.98",0.00,0.00,0.00,0.00,2014-09-30,2014-10-06,2,2401
20140923,Western,"22,431.51","1,991.94",0.00,0.00,0.00,0.00,2014-09-23,2014-09-29,2,2401
20140916,Western,"23,982.94",440.51,0.00,0.00,0.00,0.00,2014-09-16,2014-09-22,2,2401
20140909,Western,"14,462.28","9,961.17",0.00,0.00,0.00,0.00,2014-09-09,2014-09-15,2,2401
20140902,Western,"14,462.28","9,961.17",0.00,0.00,0.00,0.00,2014-09-02,2014-09-08,2,2401
20140826,Western,"14,433.92","9,989.53",0.00,0.00,0.00,0.00,2014-08-26,2014-09-01,2,2401
20140819,Western,"14,366.33","10,057.12",0.00,0.00,0.00,0.00,2014-08-19,2014-08-25,2,2401
20140812,Western,"14,366.33","10,057.12",0.00,0.00,0.00,0.00,2014-08-12,2014-08-18,2,2401
20140805,Western,"15,347.24","9,076.22",0.00,0.00,0.00,0.00,2014-08-05,2014-08-11,2,2401
20140729,Western,"15,347.24","9,076.22",0.00,0.00,0.00,0.00,2014-07-29,2014-08-04,2,2401
20140722,Western,"15,347.24","9,076.22",0.00,0.00,0.00,0.00,2014-07-22,2014-07-28,2,2401
20140715,Western,"24,423.45",0.00,0.00,0.00,0.00,0.00,2014-07-15,2014-07-21,2,2401
20140708,Western,"24,423.45",0.00,0.00,0.00,0.00,0.00,2014-07-08,2014-07-14,2,2401
20140701,Western,"24,423.45",0.00,0.00,0.00,0.00,0.00,2014-07-01,2014-07-07,2,2401
20140624,Western,"24,423.45",0.00,0.00,0.00,0.00,0.00,2014-06-24,2014-06-30,2,2401
20140617,Western,"24,423.45",0.00,0.00,0.00,0.00,0.00,2014-06-17,2014-06-23,2,2401
20140610,Western,"24,423.45",0.00,0.00,0.00,0.00,0.00,2014-06-10,2014-06-16,2,2401
20140603,Western,"24,423.45",0.00,0.00,0.00,0.00,0.00,2014-06-03,2014-06-09,2,2401
20140527,Western,"24,423.45",0.00,0.00,0.00,0.00,0.00,2014-05-27,2014-06-02,2,2401
20140520,Western,"24,423.45",0.00,0.00,0.00,0.00,0.00,2014-05-20,2014-05-26,2,2401
20140513,Western,"24,423.45",0.00,0.00,0.00,0.00,0.00,2014-05-13,2014-05-19,2,2401
20140506,Western,"24,423.45",0.00,0.00,0.00,0.00,0.00,2014-05-06,2014-05-12,2,2401
20140429,Western,"24,423.45",0.00,0.00,0.00,0.00,0.00,2014-04-29,2014-05-05,2,2401
20140422,Western,"24,423.45",0.00,0.00,0.00,0.00,0.00,2014-04-22,2014-04-28,2,2401
20140415,Western,"24,423.45",0.00,0.00,0.00,0.00,0.00,2014-04-15,2014-04-21,2,2401
20140408,Western,"24,423.45",0.00,0.00,0.00,0.00,0.00,2014-04-08,2014-04-14,2,2401
20140401,Western,"24,423.45",0.00,0.00,0.00,0.00,0.00,2014-04-01,2014-04-07,2,2401
20140325,Western,"24,423.45",0.00,0.00,0.00,0.00,0.00,2014-03-25,2014-03-31,2,2401
20140318,Western,"24,423.45",0.00,0.00,0.00,0.00,0.00,2014-03-18,2014-03-24,2,2401
20140311,Western,"24,423.45",0.00,0.00,0.00,0.00,0.00,2014-03-11,2014-03-17,2,2401
20140304,Western,"24,423.45",0.00,0.00,0.00,0.00,0.00,2014-03-04,2014-03-10,2,2401
20140225,Western,"24,423.45",0.00,0.00,0.00,0.00,0.00,2014-02-25,2014-03-03,2,2401
20140218,Western,"24,379.96",43.50,0.00,0.00,0.00,0.00,2014-02-18,2014-02-24,2,2401
20140211,Western,"8,235.85","16,187.61",0.00,0.00,0.00,0.00,2014-02-11,2014-02-17,2,2401
20140204,Western,"10,358.61","14,064.85",0.00,0.00,0.00,0.00,2014-02-04,2014-02-10,2,2401
20140128,Western,"12,317.68","12,105.77",0.00,0.00,0.00,0.00,2014-01-28,2014-02-03,2,2401
20140121,Western,"12,317.68","12,105.77",0.00,0.00,0.00,0.00,2014-01-21,2014-01-27,2,2401
20140114,Western,"12,317.68","12,105.77",0.00,0.00,0.00,0.00,2014-01-14,2014-01-20,2,2401
20140107,Western,"12,317.68","12,105.77",0.00,0.00,0.00,0.00,2014-01-07,2014-01-13,2,2401
20131231,Western,"15,337.42","9,086.04",0.00,0.00,0.00,0.00,2013-12-31,2014-01-06,2,2401
20131224,Western,"15,337.42","9,086.04",0.00,0.00,0.00,0.00,2013-12-24,2013-12-30,2,2401
20131217,Western,"15,337.42","9,086.04",0.00,0.00,0.00,0.00,2013-12-17,2013-12-23,2,2401
20131210,Western,"15,337.42","9,086.04",0.00,0.00,0.00,0.00,2013-12-10,2013-12-16,2,2401
20131203,Western,"15,337.42","9,086.04",0.00,0.00,0.00,0.00,2013-12-03,2013-12-09,2,2401
20131126,Western,"15,337.42","9,086.04",0.00,0.00,0.00,0.00,2013-11-26,2013-12-02,2,2401
20131119,Western,"15,337.42","9,086.04",0.00,0.00,0.00,0.00,2013-11-19,2013-11-25,2,2401
20131112,Western,"15,337.42","9,086.04",0.00,0.00,0.00,0.00,2013-11-12,2013-11-18,2,2401
20131105,Western,"15,343.14","9,080.31",0.00,0.00,0.00,0.00,2013-11-05,2013-11-11,2,2401
20131029,Western,"15,347.67","9,075.78",0.00,0.00,0.00,0.00,2013-10-29,2013-11-04,2,2401
20131022,Western,"15,347.67","9,075.78",0.00,0.00,0.00,0.00,2013-10-22,2013-10-28,2,2401
20131015,Western,"15,335.84","9,087.61",0.00,0.00,0.00,0.00,2013-10-15,2013-10-21,2,2401
20131008,Western,"15,286.72","9,136.74",0.00,0.00,0.00,0.00,2013-10-08,2013-10-14,2,2401
20131001,Western,"14,516.35","8,004.48","1,902.63",0.00,0.00,0.00,2013-10-01,2013-10-07,2,2401
20130924,Western,"1,321.22","11,313.68","8,387.32","3,401.24",0.00,0.00,2013-09-24,2013-09-30,2,2401
20130917,Western,"1,321.22","11,313.68","8,387.32","3,401.24",0.00,0.00,2013-09-17,2013-09-23,2,2401
20130910,Western,"1,321.22","10,980.48","10,384.36","1,737.39",0.00,0.00,2013-09-10,2013-09-16,2,2401
20130903,Western,"1,321.22","10,980.48","10,384.36","1,737.39",0.00,0.00,2013-09-03,2013-09-09,2,2401
20130827,Western,"1,321.22","10,980.48","10,384.36","1,737.39",0.00,0.00,2013-08-27,2013-09-02,2,2401
20130820,Western,"1,321.22","10,980.48","10,384.36","1,737.39",0.00,0.00,2013-08-20,2013-08-26,2,2401
20130813,Western,"1,321.22","10,980.48","12,121.75",0.00,0.00,0.00,2013-08-13,2013-08-19,2,2401
20130806,Western,"1,321.22","10,980.48","12,121.75",0.00,0.00,0.00,2013-08-06,2013-08-12,2,2401
20130730,Western,"1,336.17","10,965.54","12,121.75",0.00,0.00,0.00,2013-07-30,2013-08-05,2,2401
20130723,Western,"1,336.17","10,965.54","12,121.75",0.00,0.00,0.00,2013-07-23,2013-07-29,2,2401
20130716,Western,"11,505.89","8,923.90","3,993.66",0.00,0.00,0.00,2013-07-16,2013-07-22,2,2401
20130709,Western,"14,674.12","9,430.88",318.46,0.00,0.00,0.00,2013-07-09,2013-07-15,2,2401
20130702,Western,"14,741.69","9,363.31",318.46,0.00,0.00,0.00,2013-07-02,2013-07-08,2,2401
20130625,Western,"14,741.69","9,363.57",318.19,0.00,0.00,0.00,2013-06-25,2013-07-01,2,2401
20130618,Western,"12,590.46","11,514.80",318.19,0.00,0.00,0.00,2013-06-18,2013-06-24,2,2401
20130611,Western,"13,028.72","11,076.54",318.19,0.00,0.00,0.00,2013-06-11,2013-06-17,2,2401
20130604,Western,"20,166.22","4,160.17",97.07,0.00,0.00,0.00,2013-06-04,2013-06-10,2,2401
20130528,Western,"20,166.22","4,077.58",179.66,0.00,0.00,0.00,2013-05-28,2013-06-03,2,2401
20130521,Western,"19,843.15","4,054.33",525.98,0.00,0.00,0.00,2013-05-21,2013-05-27,2,2401
20130514,Western,"19,843.15","4,054.33",525.98,0.00,0.00,0.00,2013-05-14,2013-05-20,2,2401
20130507,Western,"19,843.15","4,580.31",0.00,0.00,0.00,0.00,2013-05-07,2013-05-13,2,2401
20130430,Western,"22,665.35","1,758.11",0.00,0.00,0.00,0.00,2013-04-30,2013-05-06,2,2401
20130423,Western,"22,665.35","1,758.11",0.00,0.00,0.00,0.00,2013-04-23,2013-04-29,2,2401
20130416,Western,"22,344.68","2,078.78",0.00,0.00,0.00,0.00,2013-04-16,2013-04-22,2,2401
20130409,Western,"22,344.68","2,078.78",0.00,0.00,0.00,0.00,2013-04-09,2013-04-15,2,2401
20130402,Western,"22,344.68","2,078.78",0.00,0.00,0.00,0.00,2013-04-02,2013-04-08,2,2401
20130326,Western,"22,344.68","2,078.78",0.00,0.00,0.00,0.00,2013-03-26,2013-04-01,2,2401
20130319,Western,"24,423.43",0.03,0.00,0.00,0.00,0.00,2013-03-19,2013-03-25,2,2401
20130312,Western,"24,423.43",0.03,0.00,0.00,0.00,0.00,2013-03-12,2013-03-18,2,2401
20130305,Western,"24,423.45",0.00,0.00,0.00,0.00,0.00,2013-03-05,2013-03-11,2,2401
20130226,Western,"24,423.45",0.00,0.00,0.00,0.00,0.00,2013-02-26,2013-03-04,2,2401
20130219,Western,"24,423.45",0.00,0.00,0.00,0.00,0.00,2013-02-19,2013-02-25,2,2401
20130212,Western,"24,423.45",0.00,0.00,0.00,0.00,0.00,2013-02-12,2013-02-18,2,2401
20130205,Western,"21,107.60","3,315.85",0.00,0.00,0.00,0.00,2013-02-05,2013-02-11,2,2401
20130129,Western,"20,004.69","4,418.77",0.00,0.00,0.00,0.00,2013-01-29,2013-02-04,2,2401
20130122,Western,"16,792.17","7,631.29",0.00,0.00,0.00,0.00,2013-01-22,2013-01-28,2,2401
20130115,Western,"23,713.29",710.17,0.00,0.00,0.00,0.00,2013-01-15,2013-01-21,2,2401
20130108,Western,"23,696.21",727.24,0.00,0.00,0.00,0.00,2013-01-08,2013-01-14,2,2401
20130101,Western,"23,713.92",709.53,0.00,0.00,0.00,0.00,2013-01-01,2013-01-07,2,2401
20121225,Western,"23,713.92",709.53,0.00,0.00,0.00,0.00,2012-12-25,2012-12-31,2,2401
20121218,Western,"23,713.92",709.53,0.00,0.00,0.00,0.00,2012-12-18,2012-12-24,2,2401
20121211,Western,"23,713.92",709.53,0.00,0.00,0.00,0.00,2012-12-11,2012-12-17,2,2401
20121204,Western,"23,241.76","1,181.70",0.00,0.00,0.00,0.00,2012-12-04,2012-12-10,2,2401
20121127,Western,"17,940.23","5,936.07",547.16,0.00,0.00,0.00,2012-11-27,2012-12-03,2,2401
20121120,Western,"17,940.23","5,936.07",547.16,0.00,0.00,0.00,2012-11-20,2012-11-26,2,2401
20121113,Western,"17,940.23","5,936.07",547.16,0.00,0.00,0.00,2012-11-13,2012-11-19,2,2401
20121106,Western,"15,094.90","5,614.85","3,713.70",0.00,0.00,0.00,2012-11-06,2012-11-12,2,2401
20121030,Western,"12,927.98","4,373.25","3,468.21","3,654.01",0.00,0.00,2012-10-30,2012-11-05,2,2401
20121023,Western,"12,896.92","4,404.31","3,468.21","3,654.01",0.00,0.00,2012-10-23,2012-10-29,2,2401
20121016,Western,"12,738.55","4,562.68","7,122.22",0.00,0.00,0.00,2012-10-16,2012-10-22,2,2401
20121009,Western,"12,898.20","4,330.92","7,194.33",0.00,0.00,0.00,2012-10-09,2012-10-15,2,2401
20121002,Western,"12,696.84","4,252.66","7,473.95",0.00,0.00,0.00,2012-10-02,2012-10-08,2,2401
20120925,Western,"12,696.84","4,252.66","7,473.95",0.00,0.00,0.00,2012-09-25,2012-10-01,2,2401
20120918,Western,"14,250.81","3,323.79","6,848.85",0.00,0.00,0.00,2012-09-18,2012-09-24,2,2401
20120911,Western,"14,211.13","3,398.07","6,814.26",0.00,0.00,0.00,2012-09-11,2012-09-17,2,2401
20120904,Western,"14,211.13","3,352.49","6,859.83",0.00,0.00,0.00,2012-09-04,2012-09-10,2,2401
20120828,Western,"14,186.28","10,237.17",0.00,0.00,0.00,0.00,2012-08-28,2012-09-03,2,2401
20120821,Western,"13,994.53","10,428.93",0.00,0.00,0.00,0.00,2012-08-21,2012-08-27,2,2401
20120814,Western,"17,107.03","7,316.43",0.00,0.00,0.00,0.00,2012-08-14,2012-08-20,2,2401
20120807,Western,"21,788.07","2,635.38",0.00,0.00,0.00,0.00,2012-08-07,2012-08-13,2,2401
20120731,Western,"21,788.07","2,635.38",0.00,0.00,0.00,0.00,2012-07-31,2012-08-06,2,2401
20120724,Western,"21,855.82","2,567.63",0.00,0.00,0.00,0.00,2012-07-24,2012-07-30,2,2401
20120717,Western,"15,338.66","9,084.79",0.00,0.00,0.00,0.00,2012-07-17,2012-07-23,2,2401
20120710,Western,"18,572.05","5,851.40",0.00,0.00,0.00,0.00,2012-07-10,2012-07-16,2,2401
20120703,Western,"24,168.12",255.33,0.00,0.00,0.00,0.00,2012-07-03,2012-07-09,2,2401
20120626,Western,"24,207.02",216.43,0.00,0.00,0.00,0.00,2012-06-26,2012-07-02,2,2401
20120619,Western,"18,620.97","5,802.48",0.00,0.00,0.00,0.00,2012-06-19,2012-06-25,2,2401
20120612,Western,"24,423.45",0.00,0.00,0.00,0.00,0.00,2012-06-12,2012-06-18,2,2401
20120605,Western,"24,423.45",0.00,0.00,0.00,0.00,0.00,2012-06-05,2012-06-11,2,2401
20120529,Western,"24,423.45",0.00,0.00,0.00,0.00,0.00,2012-05-29,2012-06-04,2,2401
20120522,Western,"24,423.45",0.00,0.00,0.00,0.00,0.00,2012-05-22,2012-05-28,2,2401
20120515,Western,"24,423.45",0.00,0.00,0.00,0.00,0.00,2012-05-15,2012-05-21,2,2401
20120508,Western,"24,423.45",0.00,0.00,0.00,0.00,0.00,2012-05-08,2012-05-14,2,2401
20120501,Western,"24,423.45",0.00,0.00,0.00,0.00,0.00,2012-05-01,2012-05-07,2,2401
20120424,Western,"24,423.45",0.00,0.00,0.00,0.00,0.00,2012-04-24,2012-04-30,2,2401
20120417,Western,"24,423.45",0.00,0.00,0.00,0.00,0.00,2012-04-17,2012-04-23,2,2401
20120410,Western,"24,423.45",0.00,0.00,0.00,0.00,0.00,2012-04-10,2012-04-16,2,2401
20120403,Western,"24,423.45",0.00,0.00,0.00,0.00,0.00,2012-04-03,2012-04-09,2,2401
20120327,Western,"24,423.45",0.00,0.00,0.00,0.00,0.00,2012-03-27,2012-04-02,2,2401
20120320,Western,"24,423.45",0.00,0.00,0.00,0.00,0.00,2012-03-20,2012-03-26,2,2401
20120313,Western,"24,138.35",285.10,0.00,0.00,0.00,0.00,2012-03-13,2012-03-19,2,2401
20120306,Western,"24,138.35",285.10,0.00,0.00,0.00,0.00,2012-03-06,2012-03-12,2,2401
20120228,Western,"24,138.35",285.10,0.00,0.00,0.00,0.00,2012-02-28,2012-03-05,2,2401
20120221,Western,"24,138.35",285.10,0.00,0.00,0.00,0.00,2012-02-21,2012-02-27,2,2401
20120214,Western,"24,138.35",285.10,0.00,0.00,0.00,0.00,2012-02-14,2012-02-20,2,2401
20120207,Western,"24,138.35",285.10,0.00,0.00,0.00,0.00,2012-02-07,2012-02-13,2,2401
20120131,Western,"24,138.35",285.10,0.00,0.00,0.00,0.00,2012-01-31,2012-02-06,2,2401
20120124,Western,"24,362.08",61.38,0.00,0.00,0.00,0.00,2012-01-24,2012-01-30,2,2401
20120117,Western,"23,805.63",617.82,0.00,0.00,0.00,0.00,2012-01-17,2012-01-23,2,2401
20120110,Western,"24,423.45",0.00,0.00,0.00,0.00,0.00,2012-01-10,2012-01-16,2,2401
20120103,Western,"24,423.45",0.00,0.00,0.00,0.00,0.00,2012-01-03,2012-01-09,2,2401
20111227,Western,"24,423.45",0.00,0.00,0.00,0.00,0.00,2011-12-27,2012-01-02,2,2401
20111220,Western,"24,423.45",0.00,0.00,0.00,0.00,0.00,2011-12-20,2011-12-26,2,2401
20111213,Western,"24,423.45",0.00,0.00,0.00,0.00,0.00,2011-12-13,2011-12-19,2,2401
20111206,Western,"24,423.45",0.00,0.00,0.00,0.00,0.00,2011-12-06,2011-12-12,2,2401
20111129,Western,"24,423.45",0.00,0.00,0.00,0.00,0.00,2011-11-29,2011-12-05,2,2401
20111122,Western,"24,423.45",0.00,0.00,0.00,0.00,0.00,2011-11-22,2011-11-28,2,2401
20111115,Western,"24,423.45",0.00,0.00,0.00,0.00,0.00,2011-11-15,2011-11-21,2,2401
20111108,Western,"24,423.45",0.00,0.00,0.00,0.00,0.00,2011-11-08,2011-11-14,2,2401
20111101,Western,"24,423.45",0.00,0.00,0.00,0.00,0.00,2011-11-01,2011-11-07,2,2401
20111025,Western,"24,423.45",0.00,0.00,0.00,0.00,0.00,2011-10-25,2011-10-31,2,2401
20111018,Western,"24,423.45",0.00,0.00,0.00,0.00,0.00,2011-10-18,2011-10-24,2,2401
20111011,Western,"24,387.48",35.97,0.00,0.00,0.00,0.00,2011-10-11,2011-10-17,2,2401
20111004,Western,"6,480.57","17,942.88",0.00,0.00,0.00,0.00,2011-10-04,2011-10-10,2,2401
20110927,Western,"6,480.57","17,942.88",0.00,0.00,0.00,0.00,2011-09-27,2011-10-03,2,2401
20110920,Western,"24,423.45",0.00,0.00,0.00,0.00,0.00,2011-09-20,2011-09-26,2,2401
20110913,Western,"24,423.45",0.00,0.00,0.00,0.00,0.00,2011-09-13,2011-09-19,2,2401
20110906,Western,"24,423.45",0.00,0.00,0.00,0.00,0.00,2011-09-06,2011-09-12,2,2401
20110830,Western,"24,423.45",0.00,0.00,0.00,0.00,0.00,2011-08-30,2011-09-05,2,2401
20110823,Western,"24,423.45",0.00,0.00,0.00,0.00,0.00,2011-08-23,2011-08-29,2,2401
20110816,Western,"24,423.45",0.00,0.00,0.00,0.00,0.00,2011-08-16,2011-08-22,2,2401
20110809,Western,"24,423.45",0.00,0.00,0.00,0.00,0.00,2011-08-09,2011-08-15,2,2401
20110802,Western,"24,423.45",0.00,0.00,0.00,0.00,0.00,2011-08-02,2011-08-08,2,2401
20110726,Western,"24,423.45",0.00,0.00,0.00,0.00,0.00,2011-07-26,2011-08-01,2,2401
20110719,Western,"24,423.45",0.00,0.00,0.00,0.00,0.00,2011-07-19,2011-07-25,2,2401
20110712,Western,"24,423.45",0.00,0.00,0.00,0.00,0.00,2011-07-12,2011-07-18,2,2401
20110705,Western,"24,423.45",0.00,0.00,0.00,0.00,0.00,2011-07-05,2011-07-11,2,2401
20110628,Western,"24,423.45",0.00,0.00,0.00,0.00,0.00,2011-06-28,2011-07-04,2,2401
20110621,Western,"24,423.45",0.00,0.00,0.00,0.00,0.00,2011-06-21,2011-06-27,2,2401
20110614,Western,"24,423.45",0.00,0.00,0.00,0.00,0.00,2011-06-14,2011-06-20,2,2401
20110607,Western,"24,423.45",0.00,0.00,0.00,0.00,0.00,2011-06-07,2011-06-13,2,2401
20110531,Western,"24,423.45",0.00,0.00,0.00,0.00,0.00,2011-05-31,2011-06-06,2,2401
20110524,Western,"24,423.45",0.00,0.00,0.00,0.00,0.00,2011-05-24,2011-05-30,2,2401
20110517,Western,"24,423.45",0.00,0.00,0.00,0.00,0.00,2011-05-17,2011-05-23,2,2401
20110510,Western,"24,423.45",0.00,0.00,0.00,0.00,0.00,2011-05-10,2011-05-16,2,2401
20110503,Western,"24,423.45",0.00,0.00,0.00,0.00,0.00,2011-05-03,2011-05-09,2,2401
20110426,Western,"24,423.45",0.00,0.00,0.00,0.00,0.00,2011-04-26,2011-05-02,2,2401
20110419,Western,"24,423.45",0.00,0.00,0.00,0.00,0.00,2011-04-19,2011-04-25,2,2401
20110412,Western,"24,423.45",0.00,0.00,0.00,0.00,0.00,2011-04-12,2011-04-18,2,2401
20110405,Western,"24,423.45",0.00,0.00,0.00,0.00,0.00,2011-04-05,2011-04-11,2,2401
20110329,Western,"24,423.45",0.00,0.00,0.00,0.00,0.00,2011-03-29,2011-04-04,2,2401
20110322,Western,"24,423.45",0.00,0.00,0.00,0.00,0.00,2011-03-22,2011-03-28,2,2401
20110315,Western,"24,423.45",0.00,0.00,0.00,0.00,0.00,2011-03-15,2011-03-21,2,2401
20110308,Western,"24,423.45",0.00,0.00,0.00,0.00,0.00,2011-03-08,2011-03-14,2,2401
20110301,Western,"24,423.45",0.00,0.00,0.00,0.00,0.00,2011-03-01,2011-03-07,2,2401
20110222,Western,"24,423.45",0.00,0.00,0.00,0.00,0.00,2011-02-22,2011-02-28,2,2401
20110215,Western,"24,423.45",0.00,0.00,0.00,0.00,0.00,2011-02-15,2011-02-21,2,2401
20110208,Western,"24,423.45",0.00,0.00,0.00,0.00,0.00,2011-02-08,2011-02-14,2,2401
20110201,Western,"24,423.45",0.00,0.00,0.00,0.00,0.00,2011-02-01,2011-02-07,2,2401
20110125,Western,"24,423.45",0.00,0.00,0.00,0.00,0.00,2011-01-25,2011-01-31,2,2401
20110118,Western,"24,423.45",0.00,0.00,0.00,0.00,0.00,2011-01-18,2011-01-24,2,2401
20110111,Western,"24,423.45",0.00,0.00,0.00,0.00,0.00,2011-01-11,2011-01-17,2,2401
20110104,Western,"24,423.45",0.00,0.00,0.00,0.00,0.00,2011-01-04,2011-01-10,2,2401
20101228,Western,"24,423.45",0.00,0.00,0.00,0.00,0.00,2010-12-28,2011-01-03,2,2401
20101221,Western,"24,423.45",0.00,0.00,0.00,0.00,0.00,2010-12-21,2010-12-27,2,2401
20101214,Western,"24,423.45",0.00,0.00,0.00,0.00,0.00,2010-12-14,2010-12-20,2,2401
20101207,Western,"24,423.45",0.00,0.00,0.00,0.00,0.00,2010-12-07,2010-12-13,2,2401
20101130,Western,"24,423.45",0.00,0.00,0.00,0.00,0.00,2010-11-30,2010-12-06,2,2401
20101123,Western,"24,423.45",0.00,0.00,0.00,0.00,0.00,2010-11-23,2010-11-29,2,2401
20101116,Western,"24,423.45",0.00,0.00,0.00,0.00,0.00,2010-11-16,2010-11-22,2,2401
20101109,Western,"24,423.45",0.00,0.00,0.00,0.00,0.00,2010-11-09,2010-11-15,2,2401
20101102,Western,"24,423.45",0.00,0.00,0.00,0.00,0.00,2010-11-02,2010-11-08,2,2401
20101026,Western,"24,423.45",0.00,0.00,0.00,0.00,0.00,2010-10-26,2010-11-01,2,2401
20101019,Western,"24,423.45",0.00,0.00,0.00,0.00,0.00,2010-10-19,2010-10-25,2,2401
20101012,Western,"24,423.45",0.00,0.00,0.00,0.00,0.00,2010-10-12,2010-10-18,2,2401
20101005,Western,"24,423.45",0.00,0.00,0.00,0.00,0.00,2010-10-05,2010-10-11,2,2401
20100928,Western,"24,423.45",0.00,0.00,0.00,0.00,0.00,2010-09-28,2010-10-04,2,2401
20100921,Western,"24,423.45",0.00,0.00,0.00,0.00,0.00,2010-09-21,2010-09-27,2,2401
20100914,Western,"24,423.45",0.00,0.00,0.00,0.00,0.00,2010-09-14,2010-09-20,2,2401
20100907,Western,"24,423.45",0.00,0.00,0.00,0.00,0.00,2010-09-07,2010-09-13,2,2401
20100831,Western,"24,423.45",0.00,0.00,0.00,0.00,0.00,2010-08-31,2010-09-06,2,2401
20100824,Western,"24,423.45",0.00,0.00,0.00,0.00,0.00,2010-08-24,2010-08-30,2,2401
20100817,Western,"24,276.89",146.56,0.00,0.00,0.00,0.00,2010-08-17,2010-08-23,2,2401
20100810,Western,"24,083.27",340.18,0.00,0.00,0.00,0.00,2010-08-10,2010-08-16,2,2401
20100803,Western,"20,772.71","3,650.74",0.00,0.00,0.00,0.00,2010-08-03,2010-08-09,2,2401
20100727,Western,"20,772.71","3,650.74",0.00,0.00,0.00,0.00,2010-07-27,2010-08-02,2,2401
20100720,Western,"20,621.78","3,801.68",0.00,0.00,0.00,0.00,2010-07-20,2010-07-26,2,2401
20100713,Western,"20,621.78","3,801.68",0.00,0.00,0.00,0.00,2010-07-13,2010-07-19,2,2401
20100706,Western,"20,621.78","3,801.68",0.00,0.00,0.00,0.00,2010-07-06,2010-07-12,2,2401
20100629,Western,"20,423.12","4,000.33",0.00,0.00,0.00,0.00,2010-06-29,2010-07-05,2,2401
20100622,Western,"9,949.46","10,741.94","3,732.06",0.00,0.00,0.00,2010-06-22,2010-06-28,2,2401
20100615,Western,277.82,"12,950.59","8,172.55","3,022.49",0.00,0.00,2010-06-15,2010-06-21,2,2401
20100608,Western,277.82,"12,950.59","8,172.55","3,022.49",0.00,0.00,2010-06-08,2010-06-14,2,2401
20100601,Western,5.14,"13,223.27","7,890.59","3,304.46",0.00,0.00,2010-06-01,2010-06-07,2,2401
20100525,Western,2.47,"10,505.10","10,611.43","3,304.46",0.00,0.00,2010-05-25,2010-05-31,2,2401
20100518,Western,0.00,"2,281.72","18,837.28","3,304.46",0.00,0.00,2010-05-18,2010-05-24,2,2401
20100511,Western,0.00,"2,281.72","18,837.28","3,304.46",0.00,0.00,2010-05-11,2010-05-17,2,2401
20100504,Western,0.00,"2,281.72","18,837.28","3,304.46",0.00,0.00,2010-05-04,2010-05-10,2,2401
20100427,Western,0.00,"2,281.72","18,837.28","3,304.46",0.00,0.00,2010-04-27,2010-05-03,2,2401
20100420,Western,0.00,"2,281.72","18,837.28","3,304.46",0.00,0.00,2010-04-20,2010-04-26,2,2401
20100413,Western,0.00,705.94,"21,483.86","2,233.65",0.00,0.00,2010-04-13,2010-04-19,2,2401
20100406,Western,0.00,705.94,"21,483.86","2,233.65",0.00,0.00,2010-04-06,2010-04-12,2,2401
20100330,Western,0.00,705.94,"21,483.86","2,233.65",0.00,0.00,2010-03-30,2010-04-05,2,2401
20100323,Western,0.00,705.94,"21,483.25","2,234.27",0.00,0.00,2010-03-23,2010-03-29,2,2401
20100316,Western,0.00,705.94,"21,483.25","2,234.27",0.00,0.00,2010-03-16,2010-03-22,2,2401
20100309,Western,0.00,705.94,"16,381.55","7,335.97",0.00,0.00,2010-03-09,2010-03-15,2,2401
20100302,Western,0.00,"9,083.31","13,242.00","2,098.14",0.00,0.00,2010-03-02,2010-03-08,2,2401
20100223,Western,0.00,"9,083.31","13,242.00","2,098.14",0.00,0.00,2010-02-23,2010-03-01,2,2401
20100216,Western,0.00,"9,083.31","15,340.14",0.00,0.00,0.00,2010-02-16,2010-02-22,2,2401
20100209,Western,0.00,"16,204.90","8,218.56",0.00,0.00,0.00,2010-02-09,2010-02-15,2,2401
20100202,Western,0.00,"16,206.31","8,217.15",0.00,0.00,0.00,2010-02-02,2010-02-08,2,2401
20100126,Western,"6,510.77","8,865.23","9,047.45",0.00,0.00,0.00,2010-01-26,2010-02-01,2,2401
20100119,Western,"6,510.77","8,865.23","9,047.45",0.00,0.00,0.00,2010-01-19,2010-01-25,2,2401
20100112,Western,"6,390.87","8,985.14","9,047.45",0.00,0.00,0.00,2010-01-12,2010-01-18,2,2401
20100105,Western,"6,390.87","8,985.14","9,047.45",0.00,0.00,0.00,2010-01-05,2010-01-11,2,2401
20091229,Western,"7,064.55","17,358.91",0.00,0.00,0.00,0.00,2009-12-29,2010-01-04,2,2401
20091222,Western,"7,064.55","17,358.91",0.00,0.00,0.00,0.00,2009-12-22,2009-12-28,2,2401
20091215,Western,"7,064.55","17,358.91",0.00,0.00,0.00,0.00,2009-12-15,2009-12-21,2,2401
20091208,Western,"11,658.02","12,765.43",0.00,0.00,0.00,0.00,2009-12-08,2009-12-14,2,2401
20091201,Western,"24,423.45",0.00,0.00,0.00,0.00,0.00,2009-12-01,2009-12-07,2,2401
20091124,Western,"24,423.45",0.00,0.00,0.00,0.00,0.00,2009-11-24,2009-11-30,2,2401
20091117,Western,"24,423.45",0.00,0.00,0.00,0.00,0.00,2009-11-17,2009-11-23,2,2401
20091110,Western,"10,661.17","13,762.29",0.00,0.00,0.00,0.00,2009-11-10,2009-11-16,2,2401
20091103,Western,"10,661.17","13,762.29",0.00,0.00,0.00,0.00,2009-11-03,2009-11-09,2,2401
20091027,Western,"9,898.41","14,525.05",0.00,0.00,0.00,0.00,2009-10-27,2009-11-02,2,2401
20091020,Western,"4,526.28","19,897.18",0.00,0.00,0.00,0.00,2009-10-20,2009-10-26,2,2401
20091013,Western,"5,310.23","19,085.98",27.24,0.00,0.00,0.00,2009-10-13,2009-10-19,2,2401
20091006,Western,"5,310.23","19,085.98",27.24,0.00,0.00,0.00,2009-10-06,2009-10-12,2,2401
20090929,Western,0.00,"24,396.21",27.24,0.00,0.00,0.00,2009-09-29,2009-10-05,2,2401
20090922,Western,"23,621.73",774.49,27.24,0.00,0.00,0.00,2009-09-22,2009-09-28,2,2401
20090915,Western,"23,621.73",375.56,366.87,59.30,0.00,0.00,2009-09-15,2009-09-21,2,2401
20090908,Western,"23,289.64",611.27,522.55,0.00,0.00,0.00,2009-09-08,2009-09-14,2,2401
20090901,Western,"23,289.64",611.27,522.55,0.00,0.00,0.00,2009-09-01,2009-09-07,2,2401
20090825,Western,"23,289.64",611.27,522.55,0.00,0.00,0.00,2009-08-25,2009-08-31,2,2401
20090818,Western,"23,289.64",611.27,522.55,0.00,0.00,0.00,2009-08-18,2009-08-24,2,2401
20090811,Western,"13,805.22","10,095.68",522.55,0.00,0.00,0.00,2009-08-11,2009-08-17,2,2401
20090804,Western,"13,865.44","6,522.78","4,035.24",0.00,0.00,0.00,2009-08-04,2009-08-10,2,2401
20090728,Western,"5,732.23","10,227.52","7,241.58","1,222.13",0.00,0.00,2009-07-28,2009-08-03,2,2401
20090721,Western,"5,645.54","10,028.51","7,512.23","1,237.17",0.00,0.00,2009-07-21,2009-07-27,2,2401
20090714,Western,"5,795.86","11,007.93","7,604.63",15.04,0.00,0.00,2009-07-14,2009-07-20,2,2401
20090707,Western,"6,455.58","16,983.19",984.68,0.00,0.00,0.00,2009-07-07,2009-07-13,2,2401
20090630,Western,"8,947.80","15,392.19",83.46,0.00,0.00,0.00,2009-06-30,2009-07-06,2,2401
20090623,Western,"10,439.12","13,900.87",83.46,0.00,0.00,0.00,2009-06-23,2009-06-29,2,2401
20090616,Western,"10,487.02","13,852.97",83.46,0.00,0.00,0.00,2009-06-16,2009-06-22,2,2401
20090609,Western,"24,270.54",152.91,0.00,0.00,0.00,0.00,2009-06-09,2009-06-15,2,2401
20090602,Western,"24,270.54",152.91,0.00,0.00,0.00,0.00,2009-06-02,2009-06-08,2,2401
20090526,Western,"24,382.17",41.28,0.00,0.00,0.00,0.00,2009-05-26,2009-06-01,2,2401
20090519,Western,"24,382.17",41.28,0.00,0.00,0.00,0.00,2009-05-19,2009-05-25,2,2401
20090512,Western,"24,382.17",41.28,0.00,0.00,0.00,0.00,2009-05-12,2009-05-18,2,2401
20090505,Western,"24,172.24",251.21,0.00,0.00,0.00,0.00,2009-05-05,2009-05-11,2,2401
20090428,Western,"24,051.81",371.64,0.00,0.00,0.00,0.00,2009-04-28,2009-05-04,2,2401
20090421,Western,"24,051.81",371.64,0.00,0.00,0.00,0.00,2009-04-21,2009-04-27,2,2401
20090414,Western,"24,051.81",371.64,0.00,0.00,0.00,0.00,2009-04-14,2009-04-20,2,2401
20090407,Western,"24,026.26",397.20,0.00,0.00,0.00,0.00,2009-04-07,2009-04-13,2,2401
20090331,Western,"9,110.97","15,312.49",0.00,0.00,0.00,0.00,2009-03-31,2009-04-06,2,2401
20090324,Western,"9,110.97","15,312.49",0.00,0.00,0.00,0.00,2009-03-24,2009-03-30,2,2401
20090317,Western,"8,996.43","15,427.03",0.00,0.00,0.00,0.00,2009-03-17,2009-03-23,2,2401
20090310,Western,"8,996.43","15,427.03",0.00,0.00,0.00,0.00,2009-03-10,2009-03-16,2,2401
20090303,Western,"8,996.43","10,341.53","5,085.50",0.00,0.00,0.00,2009-03-03,2009-03-09,2,2401
20090224,Western,"8,996.43","10,341.53","5,085.50",0.00,0.00,0.00,2009-02-24,2009-03-02,2,2401
20090217,Western,"8,996.43","10,341.53","5,085.50",0.00,0.00,0.00,2009-02-17,2009-02-23,2,2401
20090210,Western,"8,996.43","12,668.28","2,758.74",0.00,0.00,0.00,2009-02-10,2009-02-16,2,2401
20090203,Western,"12,599.92","9,064.80","2,758.74",0.00,0.00,0.00,2009-02-03,2009-02-09,2,2401
20090127,Western,"21,544.63","2,878.82",0.00,0.00,0.00,0.00,2009-01-27,2009-02-02,2,2401
20090120,Western,"21,546.45","2,877.00",0.00,0.00,0.00,0.00,2009-01-20,2009-01-26,2,2401
20090113,Western,"21,364.86","3,058.60",0.00,0.00,0.00,0.00,2009-01-13,2009-01-19,2,2401
20090106,Western,13.46,"21,658.91","2,751.08",0.00,0.00,0.00,2009-01-06,2009-01-12,2,2401
20081230,Western,13.46,"21,658.91","2,751.08",0.00,0.00,0.00,2008-12-30,2009-01-05,2,2401
20081223,Western,13.46,"21,658.91","2,751.08",0.00,0.00,0.00,2008-12-23,2008-12-29,2,2401
20081216,Western,13.46,"21,658.91","2,751.08",0.00,0.00,0.00,2008-12-16,2008-12-22,2,2401
20081209,Western,"19,450.25","4,973.21",0.00,0.00,0.00,0.00,2008-12-09,2008-12-15,2,2401
20081202,Western,"19,450.25","4,973.21",0.00,0.00,0.00,0.00,2008-12-02,2008-12-08,2,2401
20081125,Western,"19,450.25","4,973.21",0.00,0.00,0.00,0.00,2008-11-25,2008-12-01,2,2401
20081118,Western,"19,450.25","4,973.21",0.00,0.00,0.00,0.00,2008-11-18,2008-11-24,2,2401
20081111,Western,"17,496.23","6,927.22",0.00,0.00,0.00,0.00,2008-11-11,2008-11-17,2,2401
20081104,Western,"17,428.23","6,995.23",0.00,0.00,0.00,0.00,2008-11-04,2008-11-10,2,2401
20081028,Western,"17,428.23","6,995.23",0.00,0.00,0.00,0.00,2008-10-28,2008-11-03,2,2401
20081021,Western,"17,432.71","6,990.74",0.00,0.00,0.00,0.00,2008-10-21,2008-10-27,2,2401
20081014,Western,"17,550.22","6,873.24",0.00,0.00,0.00,0.00,2008-10-14,2008-10-20,2,2401
20081007,Western,"17,276.49","7,146.96",0.00,0.00,0.00,0.00,2008-10-07,2008-10-13,2,2401
20080930,Western,"17,276.49","7,146.96",0.00,0.00,0.00,0.00,2008-09-30,2008-10-06,2,2401
20080923,Western,"17,276.49","7,146.96",0.00,0.00,0.00,0.00,2008-09-23,2008-09-29,2,2401
20080916,Western,47.77,"24,375.68",0.00,0.00,0.00,0.00,2008-09-16,2008-09-22,2,2401
20080909,Western,40.29,"24,383.16",0.00,0.00,0.00,0.00,2008-09-09,2008-09-15,2,2401
20080902,Western,40.29,"24,383.16",0.00,0.00,0.00,0.00,2008-09-02,2008-09-08,2,2401
20080826,Western,40.29,"24,383.16",0.00,0.00,0.00,0.00,2008-08-26,2008-09-01,2,2401
20080819,Western,40.29,"24,383.16",0.00,0.00,0.00,0.00,2008-08-19,2008-08-25,2,2401
20080812,Western,25.98,"24,397.47",0.00,0.00,0.00,0.00,2008-08-12,2008-08-18,2,2401
20080805,Western,19.73,"24,403.73",0.00,0.00,0.00,0.00,2008-08-05,2008-08-11,2,2401
20080729,Western,19.73,"24,403.73",0.00,0.00,0.00,0.00,2008-07-29,2008-08-04,2,2401
20080722,Western,19.73,"24,403.73",0.00,0.00,0.00,0.00,2008-07-22,2008-07-28,2,2401
20080715,Western,"24,423.45",0.00,0.00,0.00,0.00,0.00,2008-07-15,2008-07-21,2,2401
20080708,Western,"24,423.45",0.00,0.00,0.00,0.00,0.00,2008-07-08,2008-07-14,2,2401
20080701,Western,"24,423.45",0.00,0.00,0.00,0.00,0.00,2008-07-01,2008-07-07,2,2401
20080624,Western,"24,423.45",0.00,0.00,0.00,0.00,0.00,2008-06-24,2008-06-30,2,2401
20080617,Western,"24,423.45",0.00,0.00,0.00,0.00,0.00,2008-06-17,2008-06-23,2,2401
20080610,Western,"24,423.45",0.00,0.00,0.00,0.00,0.00,2008-06-10,2008-06-16,2,2401
20080603,Western,"24,423.45",0.00,0.00,0.00,0.00,0.00,2008-06-03,2008-06-09,2,2401
20080527,Western,"24,423.45",0.00,0.00,0.00,0.00,0.00,2008-05-27,2008-06-02,2,2401
20080520,Western,"22,231.52","1,442.56",749.38,0.00,0.00,0.00,2008-05-20,2008-05-26,2,2401
20080513,Western,"22,116.37",847.74,"1,459.34",0.00,0.00,0.00,2008-05-13,2008-05-19,2,2401
20080506,Western,"22,116.95",847.17,"1,459.34",0.00,0.00,0.00,2008-05-06,2008-05-12,2,2401
20080429,Western,"20,653.19","2,927.01",843.25,0.00,0.00,0.00,2008-04-29,2008-05-05,2,2401
20080422,Western,"20,653.19","2,927.01",843.25,0.00,0.00,0.00,2008-04-22,2008-04-28,2,2401
20080415,Western,"16,994.50","6,663.98",764.98,0.00,0.00,0.00,2008-04-15,2008-04-21,2,2401
20080408,Western,"14,964.81","8,693.67",764.98,0.00,0.00,0.00,2008-04-08,2008-04-14,2,2401
20080401,Western,"14,964.81","8,693.67",764.98,0.00,0.00,0.00,2008-04-01,2008-04-07,2,2401
20080325,Western,"14,964.81","8,667.59",791.05,0.00,0.00,0.00,2008-03-25,2008-03-31,2,2401
20080318,Western,"14,964.81","8,667.59",791.05,0.00,0.00,0.00,2008-03-18,2008-03-24,2,2401
20080311,Western,"14,964.81","8,667.59",791.05,0.00,0.00,0.00,2008-03-11,2008-03-17,2,2401
20080304,Western,"14,964.81","8,667.59",791.05,0.00,0.00,0.00,2008-03-04,2008-03-10,2,2401
20080226,Western,"14,919.32","8,496.47","1,007.67",0.00,0.00,0.00,2008-02-26,2008-03-03,2,2401
20080219,Western,"12,794.78","10,621.01","1,007.67",0.00,0.00,0.00,2008-02-19,2008-02-25,2,2401
20080212,Western,"7,908.87","15,247.57","1,267.01",0.00,0.00,0.00,2008-02-12,2008-02-18,2,2401
20080205,Western,969.67,"9,244.15","14,143.15",66.48,0.00,0.00,2008-02-05,2008-02-11,2,2401
20080129,Western,108.32,"10,105.50","14,143.15",66.48,0.00,0.00,2008-01-29,2008-02-04,2,2401
20080122,Western,108.32,"10,105.50","14,143.15",66.48,0.00,0.00,2008-01-22,2008-01-28,2,2401
20080115,Western,0.00,"3,463.70","10,486.05","10,473.71",0.00,0.00,2008-01-15,2008-01-21,2,2401
20080108,Western,0.00,"2,972.92","10,976.83","10,473.71",0.00,0.00,2008-01-08,2008-01-14,2,2401
20080101,Western,0.00,"2,856.58","11,093.17","10,473.71",0.00,0.00,2008-01-01,2008-01-07,2,2401
20071225,Western,0.00,"2,856.58","11,093.17","10,473.71",0.00,0.00,2007-12-25,2007-12-31,2,2401
20071218,Western,0.00,"2,856.58","11,093.17","10,473.71",0.00,0.00,2007-12-18,2007-12-24,2,2401
20071211,Western,0.00,672.66,"9,713.25","14,037.54",0.00,0.00,2007-12-11,2007-12-17,2,2401
20071204,Western,0.00,672.66,"9,713.25","14,037.54",0.00,0.00,2007-12-04,2007-12-10,2,2401
20071127,Western,0.00,524.44,"2,135.70","21,763.32",0.00,0.00,2007-11-27,2007-12-03,2,2401
20071120,Western,0.00,524.44,"2,135.70","21,763.32",0.00,0.00,2007-11-20,2007-11-26,2,2401
20071113,Western,0.00,524.44,"2,135.70","21,763.32",0.00,0.00,2007-11-13,2007-11-19,2,2401
20071106,Western,0.00,0.00,"5,517.45","13,194.53","5,711.47",0.00,2007-11-06,2007-11-12,2,2401
20071030,Western,0.00,0.00,"5,517.45","13,194.53","5,711.47",0.00,2007-10-30,2007-11-05,2,2401
20071023,Western,0.00,0.00,"5,517.45","13,194.53","5,711.47",0.00,2007-10-23,2007-10-29,2,2401
20071016,Western,0.00,0.00,"3,646.16","14,404.62","6,372.67",0.00,2007-10-16,2007-10-22,2,2401
20071009,Western,0.00,0.00,"3,646.16","14,404.62","6,372.67",0.00,2007-10-09,2007-10-15,2,2401
20071002,Western,0.00,0.00,"3,646.16","14,404.62","6,372.67",0.00,2007-10-02,2007-10-08,2,2401
20070925,Western,0.00,0.00,0.00,"18,050.78","6,372.67",0.00,2007-09-25,2007-10-01,2,2401
20070918,Western,0.00,0.00,0.00,"15,032.61","9,390.84",0.00,2007-09-18,2007-09-24,2,2401
20070911,Western,0.00,0.00,0.00,"16,656.73","7,766.72",0.00,2007-09-11,2007-09-17,2,2401
20070904,Western,0.00,0.00,0.00,"16,656.73","7,766.72",0.00,2007-09-04,2007-09-10,2,2401
20070828,Western,0.00,0.00,0.00,"16,656.73","7,766.72",0.00,2007-08-28,2007-09-03,2,2401
20070821,Western,0.00,0.00,0.00,"16,656.73","7,766.72",0.00,2007-08-21,2007-08-27,2,2401
20070814,Western,0.00,0.00,0.00,"18,959.65","5,463.80",0.00,2007-08-14,2007-08-20,2,2401
20070807,Western,0.00,0.00,0.00,"19,240.97","5,182.49",0.00,2007-08-07,2007-08-13,2,2401
20070731,Western,0.00,0.00,"7,229.94","17,193.51",0.00,0.00,2007-07-31,2007-08-06,2,2401
20070724,Western,0.00,0.00,"16,909.28","7,514.18",0.00,0.00,2007-07-24,2007-07-30,2,2401
20070717,Western,0.00,0.00,"24,423.45",0.00,0.00,0.00,2007-07-17,2007-07-23,2,2401
20070710,Western,0.00,"5,488.04","18,935.41",0.00,0.00,0.00,2007-07-10,2007-07-16,2,2401
20070703,Western,"16,085.91","8,337.54",0.00,0.00,0.00,0.00,2007-07-03,2007-07-09,2,2401
20070626,Western,"16,085.91","8,337.54",0.00,0.00,0.00,0.00,2007-06-26,2007-07-02,2,2401
20070619,Western,"16,085.91","8,337.54",0.00,0.00,0.00,0.00,2007-06-19,2007-06-25,2,2401
20070612,Western,"16,085.91","8,337.54",0.00,0.00,0.00,0.00,2007-06-12,2007-06-18,2,2401
20070605,Western,"11,484.03","12,939.43",0.00,0.00,0.00,0.00,2007-06-05,2007-06-11,2,2401
20070529,Western,"2,656.33","21,767.12",0.00,0.00,0.00,0.00,2007-05-29,2007-06-04,2,2401
20070522,Western,"2,656.33","15,769.04","5,998.08",0.00,0.00,0.00,2007-05-22,2007-05-28,2,2401
20070515,Western,"2,656.33","15,769.04","5,998.08",0.00,0.00,0.00,2007-05-15,2007-05-21,2,2401
20070508,Western,"2,656.33","15,769.04","5,998.08",0.00,0.00,0.00,2007-05-08,2007-05-14,2,2401
20070501,Western,"2,656.33","15,769.04","5,998.08",0.00,0.00,0.00,2007-05-01,2007-05-07,2,2401
20070424,Western,"2,656.33","15,752.77","6,014.36",0.00,0.00,0.00,2007-04-24,2007-04-30,2,2401
20070417,Western,"3,304.23","15,705.92","5,413.31",0.00,0.00,0.00,2007-04-17,2007-04-23,2,2401
20070410,Western,"20,555.52","3,867.94",0.00,0.00,0.00,0.00,2007-04-10,2007-04-16,2,2401
20070403,Western,"24,141.65",281.80,0.00,0.00,0.00,0.00,2007-04-03,2007-04-09,2,2401
20070327,Western,"24,287.71",135.74,0.00,0.00,0.00,0.00,2007-03-27,2007-04-02,2,2401
20070320,Western,"24,287.71",135.74,0.00,0.00,0.00,0.00,2007-03-20,2007-03-26,2,2401
20070313,Western,"24,287.71",135.74,0.00,0.00,0.00,0.00,2007-03-13,2007-03-19,2,2401
20070306,Western,"24,287.71",135.74,0.00,0.00,0.00,0.00,2007-03-06,2007-03-12,2,2401
20070227,Western,"23,119.84","1,303.61",0.00,0.00,0.00,0.00,2007-02-27,2007-03-05,2,2401
20070220,Western,"21,527.70","2,646.37",249.38,0.00,0.00,0.00,2007-02-20,2007-02-26,2,2401
20070213,Western,"21,527.70","2,646.37",249.38,0.00,0.00,0.00,2007-02-13,2007-02-19,2,2401
20070206,Western,"15,931.66","8,242.41",249.38,0.00,0.00,0.00,2007-02-06,2007-02-12,2,2401
20070130,Western,"15,931.66","8,242.41",249.38,0.00,0.00,0.00,2007-01-30,2007-02-05,2,2401
20070123,Western,"15,931.66","8,242.41",249.38,0.00,0.00,0.00,2007-01-23,2007-01-29,2,2401
20070116,Western,"15,931.66","8,271.68",220.11,0.00,0.00,0.00,2007-01-16,2007-01-22,2,2401
20070109,Western,"15,931.67","8,271.68",220.11,0.00,0.00,0.00,2007-01-09,2007-01-15,2,2401
20070102,Western,"15,648.64","8,641.97",132.84,0.00,0.00,0.00,2007-01-02,2007-01-08,2,2401
20061226,Western,"15,377.54","8,913.08",132.84,0.00,0.00,0.00,2006-12-26,2007-01-01,2,2401
20061219,Western,"15,377.54","8,913.08",132.84,0.00,0.00,0.00,2006-12-19,2006-12-25,2,2401
20061212,Western,"15,760.56","8,394.82",268.07,0.00,0.00,0.00,2006-12-12,2006-12-18,2,2401
20061205,Western,"11,436.72","6,974.39","6,012.35",0.00,0.00,0.00,2006-12-05,2006-12-11,2,2401
20061128,Western,"10,199.86","8,138.97","6,084.62",0.00,0.00,0.00,2006-11-28,2006-12-04,2,2401
20061121,Western,"10,112.15","8,226.72","6,084.59",0.00,0.00,0.00,2006-11-21,2006-11-27,2,2401
20061114,Western,"5,858.28","12,480.55","6,084.62",0.00,0.00,0.00,2006-11-14,2006-11-20,2,2401
20061107,Western,"5,858.28","12,480.56","6,084.62",0.00,0.00,0.00,2006-11-07,2006-11-13,2,2401
20061031,Western,27.42,"2,700.72","21,458.07",237.25,0.00,0.00,2006-10-31,2006-11-06,2,2401
20061024,Western,27.42,"2,700.72","21,468.67",226.65,0.00,0.00,2006-10-24,2006-10-30,2,2401
20061017,Western,27.42,"2,700.72","21,468.67",226.65,0.00,0.00,2006-10-17,2006-10-23,2,2401
20061010,Western,27.42,"2,700.72","21,468.67",226.65,0.00,0.00,2006-10-10,2006-10-16,2,2401
20061003,Western,0.00,"2,113.01","20,732.36","1,578.08",0.00,0.00,2006-10-03,2006-10-09,2,2401
20060926,Western,0.00,"2,113.01","20,732.36","1,578.08",0.00,0.00,2006-09-26,2006-10-02,2,2401
20060919,Western,0.00,"2,113.01","20,732.36","1,578.08",0.00,0.00,2006-09-19,2006-09-25,2,2401
20060912,Western,0.00,"12,295.83","12,127.62",0.00,0.00,0.00,2006-09-12,2006-09-18,2,2401
20060905,Western,0.00,"12,295.83","12,127.62",0.00,0.00,0.00,2006-09-05,2006-09-11,2,2401
20060829,Western,17.14,"12,278.69","12,127.62",0.00,0.00,0.00,2006-08-29,2006-09-04,2,2401
20060822,Western,0.00,"12,178.59","12,244.87",0.00,0.00,0.00,2006-08-22,2006-08-28,2,2401
20060815,Western,0.00,"11,810.44","12,613.02",0.00,0.00,0.00,2006-08-15,2006-08-21,2,2401
20060808,Western,0.00,"14,557.77","9,865.69",0.00,0.00,0.00,2006-08-08,2006-08-14,2,2401
20060801,Western,0.00,"15,247.66","9,175.79",0.00,0.00,0.00,2006-08-01,2006-08-07,2,2401
20060725,Western,0.68,"15,246.98","9,175.79",0.00,0.00,0.00,2006-07-25,2006-07-31,2,2401
20060718,Western,"15,818.65","8,604.81",0.00,0.00,0.00,0.00,2006-07-18,2006-07-24,2,2401
20060711,Western,"24,423.45",0.00,0.00,0.00,0.00,0.00,2006-07-11,2006-07-17,2,2401
20060704,Western,"24,423.45",0.00,0.00,0.00,0.00,0.00,2006-07-04,2006-07-10,2,2401
20060627,Western,"24,423.45",0.00,0.00,0.00,0.00,0.00,2006-06-27,2006-07-03,2,2401
20060620,Western,"24,423.45",0.00,0.00,0.00,0.00,0.00,2006-06-20,2006-06-26,2,2401
20060613,Western,"24,423.45",0.00,0.00,0.00,0.00,0.00,2006-06-13,2006-06-19,2,2401
20060606,Western,"24,423.45",0.00,0.00,0.00,0.00,0.00,2006-06-06,2006-06-12,2,2401
20060530,Western,"24,423.45",0.00,0.00,0.00,0.00,0.00,2006-05-30,2006-06-05,2,2401
20060523,Western,"24,423.45",0.00,0.00,0.00,0.00,0.00,2006-05-23,2006-05-29,2,2401
20060516,Western,"24,423.45",0.00,0.00,0.00,0.00,0.00,2006-05-16,2006-05-22,2,2401
20060509,Western,"24,423.45",0.00,0.00,0.00,0.00,0.00,2006-05-09,2006-05-15,2,2401
20060502,Western,"24,423.45",0.00,0.00,0.00,0.00,0.00,2006-05-02,2006-05-08,2,2401
20060425,Western,"24,423.45",0.00,0.00,0.00,0.00,0.00,2006-04-25,2006-05-01,2,2401
20060418,Western,"24,423.45",0.00,0.00,0.00,0.00,0.00,2006-04-18,2006-04-24,2,2401
20060411,Western,"24,423.45",0.00,0.00,0.00,0.00,0.00,2006-04-11,2006-04-17,2,2401
20060404,Western,"23,279.13","1,144.33",0.00,0.00,0.00,0.00,2006-04-04,2006-04-10,2,2401
20060328,Western,"23,279.13",805.81,338.51,0.00,0.00,0.00,2006-03-28,2006-04-03,2,2401
20060321,Western,"23,279.13",805.81,338.51,0.00,0.00,0.00,2006-03-21,2006-03-27,2,2401
20060314,Western,"23,279.13",805.81,338.51,0.00,0.00,0.00,2006-03-14,2006-03-20,2,2401
20060307,Western,"23,279.13",805.81,338.51,0.00,0.00,0.00,2006-03-07,2006-03-13,2,2401
20060228,Western,"23,279.13",800.74,343.58,0.00,0.00,0.00,2006-02-28,2006-03-06,2,2401
20060221,Western,"23,279.13",800.74,343.58,0.00,0.00,0.00,2006-02-21,2006-02-27,2,2401
20060214,Western,"23,279.13",800.74,343.58,0.00,0.00,0.00,2006-02-14,2006-02-20,2,2401
20060207,Western,"23,279.13",800.74,343.58,0.00,0.00,0.00,2006-02-07,2006-02-13,2,2401
20060131,Western,"21,807.61","2,139.21",476.64,0.00,0.00,0.00,2006-01-31,2006-02-06,2,2401
20060124,Western,"21,807.61","2,139.21",476.64,0.00,0.00,0.00,2006-01-24,2006-01-30,2,2401
20060117,Western,"6,711.86","17,234.95",476.64,0.00,0.00,0.00,2006-01-17,2006-01-23,2,2401
20060110,Western,"4,745.89","19,200.92",476.64,0.00,0.00,0.00,2006-01-10,2006-01-16,2,2401
20060103,Western,"4,745.89","12,811.75","6,865.81",0.00,0.00,0.00,2006-01-03,2006-01-09,2,2401
20051227,Western,"4,732.17","13,148.58","6,542.70",0.00,0.00,0.00,2005-12-27,2006-01-02,2,2401
20051220,Western,"4,732.17","13,848.81","5,842.47",0.00,0.00,0.00,2005-12-20,2005-12-26,2,2401
20051213,Western,"13,425.41","10,592.44",405.60,0.00,0.00,0.00,2005-12-13,2005-12-19,2,2401
20051206,Western,"13,425.41","10,592.44",405.60,0.00,0.00,0.00,2005-12-06,2005-12-12,2,2401
20051129,Western,"13,425.41","5,834.46","5,163.58",0.00,0.00,0.00,2005-11-29,2005-12-05,2,2401
20051122,Western,"11,877.54","6,480.11","6,065.81",0.00,0.00,0.00,2005-11-22,2005-11-28,2,2401
20051115,Western,"11,877.54","6,480.11","6,065.81",0.00,0.00,0.00,2005-11-15,2005-11-21,2,2401
20051108,Western,"11,877.54","5,495.50","7,050.42",0.00,0.00,0.00,2005-11-08,2005-11-14,2,2401
20051101,Western,"1,704.74","13,520.55","6,359.09","2,839.08",0.00,0.00,2005-11-01,2005-11-07,2,2401
20051025,Western,"1,704.74","13,520.55","6,359.09","2,839.08",0.00,0.00,2005-10-25,2005-10-31,2,2401
20051018,Western,0.00,"15,225.29","6,359.09","2,839.08",0.00,0.00,2005-10-18,2005-10-24,2,2401
20051011,Western,0.00,"13,307.69","10,101.64","1,014.13",0.00,0.00,2005-10-11,2005-10-17,2,2401
20051004,Western,0.00,"13,307.69","10,101.64","1,014.13",0.00,0.00,2005-10-04,2005-10-10,2,2401
20050927,Western,0.00,"11,908.22","7,262.25","5,252.98",0.00,0.00,2005-09-27,2005-10-03,2,2401
20050920,Western,0.00,"11,970.36","7,200.12","5,252.98",0.00,0.00,2005-09-20,2005-09-26,2,2401
20050913,Western,0.00,"12,004.30","7,500.73","4,918.42",0.00,0.00,2005-09-13,2005-09-19,2,2401
20050906,Western,0.00,"12,004.30","7,500.73","4,918.42",0.00,0.00,2005-09-06,2005-09-12,2,2401
20050830,Western,0.00,"12,004.30","7,500.73","4,918.42",0.00,0.00,2005-08-30,2005-09-05,2,2401
20050823,Western,0.00,"12,004.30","7,540.29","4,878.86",0.00,0.00,2005-08-23,2005-08-29,2,2401
20050816,Western,0.00,"12,004.30","7,540.29","4,878.86",0.00,0.00,2005-08-16,2005-08-22,2,2401
20050809,Western,0.00,"12,004.30","7,540.29","4,878.86",0.00,0.00,2005-08-09,2005-08-15,2,2401
20050802,Western,0.00,0.00,"10,968.61","13,454.84",0.00,0.00,2005-08-02,2005-08-08,2,2401
20050726,Western,0.00,0.00,"11,278.05","13,145.41",0.00,0.00,2005-07-26,2005-08-01,2,2401
20050719,Western,0.00,"3,372.55","7,905.50","13,145.41",0.00,0.00,2005-07-19,2005-07-25,2,2401
20050712,Western,0.00,"3,372.55","7,905.50","13,145.41",0.00,0.00,2005-07-12,2005-07-18,2,2401
20050705,Western,0.00,"3,422.37","7,855.68","13,145.41",0.00,0.00,2005-07-05,2005-07-11,2,2401
20050628,Western,0.00,"3,422.37","7,855.68","13,145.41",0.00,0.00,2005-06-28,2005-07-04,2,2401
20050621,Western,0.00,"3,422.37","7,855.68","13,145.41",0.00,0.00,2005-06-21,2005-06-27,2,2401
20050614,Western,0.00,0.00,"6,970.57","10,716.55","6,736.33",0.00,2005-06-14,2005-06-20,2,2401
20050607,Western,0.00,0.00,402.37,"11,675.32","12,345.76",0.00,2005-06-07,2005-06-13,2,2401
20050531,Western,0.00,0.00,18.32,"7,112.31","17,292.82",0.00,2005-05-31,2005-06-06,2,2401
20050524,Western,0.00,0.00,18.32,"7,112.31","17,292.82",0.00,2005-05-24,2005-05-30,2,2401
20050517,Western,0.00,0.00,18.32,"7,112.31","17,292.82",0.00,2005-05-17,2005-05-23,2,2401
20050510,Western,0.00,0.00,15.43,"6,212.22","18,195.81",0.00,2005-05-10,2005-05-16,2,2401
20050503,Western,0.00,0.00,15.43,"4,464.33","19,943.69",0.00,2005-05-03,2005-05-09,2,2401
20050426,Western,0.00,0.00,15.43,"4,380.55","20,027.47",0.00,2005-04-26,2005-05-02,2,2401
20050419,Western,0.00,0.00,15.43,"8,737.73","15,670.29",0.00,2005-04-19,2005-04-25,2,2401
20050412,Western,0.00,0.00,15.43,"3,288.30","21,119.72",0.00,2005-04-12,2005-04-18,2,2401
20050405,Western,0.00,0.00,15.43,"3,292.47","21,115.56",0.00,2005-04-05,2005-04-11,2,2401
20050329,Western,0.00,0.00,75.32,"3,260.87","21,087.27",0.00,2005-03-29,2005-04-04,2,2401
20050322,Western,0.00,0.00,67.51,"2,418.02","21,937.93",0.00,2005-03-22,2005-03-28,2,2401
20050315,Western,0.00,0.00,67.51,"2,418.02","21,937.93",0.00,2005-03-15,2005-03-21,2,2401
20050308,Western,0.00,0.00,67.51,"14,428.46","9,927.48",0.00,2005-03-08,2005-03-14,2,2401
20050301,Western,0.00,0.00,67.51,"14,428.46","9,927.48",0.00,2005-03-01,2005-03-07,2,2401
20050222,Western,0.00,0.00,67.51,"14,428.46","9,927.48",0.00,2005-02-22,2005-02-28,2,2401
20050215,Western,0.00,0.00,"5,014.33","9,481.64","9,927.48",0.00,2005-02-15,2005-02-21,2,2401
20050208,Western,0.00,0.00,"5,014.33","11,916.49","7,492.63",0.00,2005-02-08,2005-02-14,2,2401
20050201,Western,0.00,0.00,"7,814.29","16,577.71",31.46,0.00,2005-02-01,2005-02-07,2,2401
20050125,Western,0.00,"11,577.87","8,933.08","3,881.06",31.46,0.00,2005-01-25,2005-01-31,2,2401
20050118,Western,0.00,"18,476.20","4,016.81","1,930.45",0.00,0.00,2005-01-18,2005-01-24,2,2401
20050111,Western,0.00,"18,476.20","4,016.81","1,930.45",0.00,0.00,2005-01-11,2005-01-17,2,2401
20050104,Western,"14,278.83","4,525.35","3,218.03","2,401.24",0.00,0.00,2005-01-04,2005-01-10,2,2401
20041228,Western,"14,278.83","4,525.35","3,218.03","2,401.24",0.00,0.00,2004-12-28,2005-01-03,2,2401
20041221,Western,"14,278.83","4,525.35","3,218.03","2,401.24",0.00,0.00,2004-12-21,2004-12-27,2,2401
20041214,Western,"22,254.26","1,045.91",831.33,291.96,0.00,0.00,2004-12-14,2004-12-20,2,2401
20041207,Western,"22,250.88","1,038.25",870.42,263.91,0.00,0.00,2004-12-07,2004-12-13,2,2401
20041130,Western,"22,250.88","1,049.29",859.38,263.91,0.00,0.00,2004-11-30,2004-12-06,2,2401
20041123,Western,"21,979.80","1,139.49","1,184.29",119.87,0.00,0.00,2004-11-23,2004-11-29,2,2401
20041116,Western,"21,979.80","1,139.49","1,184.29",119.87,0.00,0.00,2004-11-16,2004-11-22,2,2401
20041109,Western,"21,979.80","1,139.49","1,184.29",119.87,0.00,0.00,2004-11-09,2004-11-15,2,2401
20041102,Western,"21,979.80","1,139.49","1,184.29",119.87,0.00,0.00,2004-11-02,2004-11-08,2,2401
20041026,Western,"21,759.55","1,359.75","1,184.29",119.87,0.00,0.00,2004-10-26,2004-11-01,2,2401
20041019,Western,"21,759.55","1,359.75","1,184.29",119.87,0.00,0.00,2004-10-19,2004-10-25,2,2401
20041012,Western,"21,759.55","1,359.75","1,184.29",119.87,0.00,0.00,2004-10-12,2004-10-18,2,2401
20041005,Western,"21,759.55","1,359.75","1,184.29",119.87,0.00,0.00,2004-10-05,2004-10-11,2,2401
20040928,Western,"21,759.55","1,359.75","1,184.29",119.87,0.00,0.00,2004-09-28,2004-10-04,2,2401
20040921,Western,"16,520.49","4,657.75","2,703.27",541.94,0.00,0.00,2004-09-21,2004-09-27,2,2401
20040914,Western,"13,049.67","3,038.35","6,386.23","1,949.21",0.00,0.00,2004-09-14,2004-09-20,2,2401
20040907,Western,"12,396.83","3,444.11","5,257.19","2,948.66",376.66,0.00,2004-09-07,2004-09-13,2,2401
20040831,Western,"11,992.75","3,848.20","5,257.19","2,876.48",448.85,0.00,2004-08-31,2004-09-06,2,2401
20040824,Western,"1,872.52","9,999.52","9,226.09","2,876.48",448.85,0.00,2004-08-24,2004-08-30,2,2401
20040817,Western,"1,853.09","4,147.84","8,371.68","9,602.01",448.85,0.00,2004-08-17,2004-08-23,2,2401
20040810,Western,"1,853.09","4,147.84","8,371.67","9,748.62",302.24,0.00,2004-08-10,2004-08-16,2,2401
20040803,Western,"1,803.59","4,197.34","8,371.67","9,748.62",302.24,0.00,2004-08-03,2004-08-09,2,2401
20040727,Western,"1,509.66","4,491.26","8,371.67","9,748.62",302.24,0.00,2004-07-27,2004-08-02,2,2401
20040720,Western,"1,509.66","4,337.66","8,525.27","9,723.27",327.59,0.00,2004-07-20,2004-07-26,2,2401
20040713,Western,"1,509.66","4,491.26","8,371.67","9,723.27",327.59,0.00,2004-07-13,2004-07-19,2,2401
20040706,Western,"1,509.66","4,491.26","8,371.67","9,723.27",327.59,0.00,2004-07-06,2004-07-12,2,2401
20040629,Western,"1,440.73","4,398.97","8,600.21","9,655.95",327.59,0.00,2004-06-29,2004-07-05,2,2401
20040622,Western,"1,543.07","4,457.85","8,438.99","9,655.95",327.59,0.00,2004-06-22,2004-06-28,2,2401
20040615,Western,"1,439.08","4,726.99","13,941.49","3,570.92",744.98,0.00,2004-06-15,2004-06-21,2,2401
20040608,Western,"1,439.08","4,726.99","13,941.49","3,570.92",744.98,0.00,2004-06-08,2004-06-14,2,2401
20040601,Western,"1,727.56","1,029.01","13,655.83","5,374.08","2,636.97",0.00,2004-06-01,2004-06-07,2,2401
20040525,Western,"1,206.95","3,561.49","11,778.25","5,239.79","2,636.97",0.00,2004-05-25,2004-05-31,2,2401
20040518,Western,0.00,"3,241.64","13,305.05","4,157.40","3,181.97",537.39,2004-05-18,2004-05-24,2,2401
20040511,Western,0.00,"3,241.64","13,305.05","4,157.40","3,181.97",537.39,2004-05-11,2004-05-17,2,2401
20040504,Western,0.00,"3,241.64","13,305.05","4,157.40","3,181.97",537.39,2004-05-04,2004-05-10,2,2401
20040427,Western,0.00,"3,356.60","13,256.34","4,091.16","3,198.28",521.08,2004-04-27,2004-05-03,2,2401
20040420,Western,0.00,"3,356.60","13,256.34","4,091.16","3,198.28",521.08,2004-04-20,2004-04-26,2,2401
20040413,Western,0.00,"15,101.83","3,389.62","2,593.10","2,817.83",521.08,2004-04-13,2004-04-19,2,2401
20040406,Western,0.00,"14,798.07","3,763.76","2,522.72","2,820.04",518.87,2004-04-06,2004-04-12,2,2401
20040330,Western,0.00,"14,183.24","4,380.30","2,521.01","2,820.04",518.87,2004-03-30,2004-04-05,2,2401
20040323,Western,0.00,"14,183.24","4,380.30","2,521.01","2,820.04",518.87,2004-03-23,2004-03-29,2,2401
20040316,Western,0.00,"14,183.24","4,380.30","3,144.05","2,197.00",518.87,2004-03-16,2004-03-22,2,2401
20040309,Western,0.00,"14,183.24","4,380.30","3,144.05","2,197.00",518.87,2004-03-09,2004-03-15,2,2401
20040302,Western,0.00,"12,643.17","5,488.90","3,031.22","2,458.04",802.11,2004-03-02,2004-03-08,2,2401
20040224,Western,0.00,"12,643.17","6,148.31","2,371.82","2,458.04",802.11,2004-02-24,2004-03-01,2,2401
20040217,Western,0.00,"12,643.17","6,148.31","2,371.82","2,458.04",802.11,2004-02-17,2004-02-23,2,2401
20040210,Western,0.00,"12,643.17","6,148.31","2,371.82","2,458.04",802.11,2004-02-10,2004-02-16,2,2401
20040203,Western,0.00,"12,643.17","6,148.31","2,371.82","2,458.04",802.11,2004-02-03,2004-02-09,2,2401
20040127,Western,0.00,"12,375.31","6,416.17","2,371.82","2,458.04",802.11,2004-01-27,2004-02-02,2,2401
20040120,Western,0.00,"10,137.77","8,728.04","2,297.49","2,458.04",802.11,2004-01-20,2004-01-26,2,2401
20040113,Western,0.00,"8,318.78","9,408.86","3,652.87","1,790.35","1,252.60",2004-01-13,2004-01-19,2,2401
20040106,Western,0.00,0.00,"15,462.34","5,689.50","1,923.07","1,348.55",2004-01-06,2004-01-12,2,2401
20031230,Western,0.00,0.00,"14,261.36","5,803.49","2,603.00","1,755.60",2003-12-30,2004-01-05,2,2401
20031223,Western,0.00,0.00,"1,422.94","18,282.72","3,215.00","1,502.79",2003-12-23,2003-12-29,2,2401
20031216,Western,0.00,0.00,"1,506.56","18,032.73","3,480.60","1,403.56",2003-12-16,2003-12-22,2,2401
20031209,Western,0.00,0.00,791.01,"19,787.94","2,556.71","1,287.81",2003-12-09,2003-12-15,2,2401
20031202,Western,0.00,0.00,554.97,"17,816.18","4,439.52","1,612.77",2003-12-02,2003-12-08,2,2401
20031125,Western,0.00,0.00,15.42,"16,893.02","5,855.45","1,659.57",2003-11-25,2003-12-01,2,2401
20031118,Western,0.00,0.00,0.00,"16,166.51","7,023.42","1,233.52",2003-11-18,2003-11-24,2,2401
20031111,Western,0.00,0.00,0.00,710.71,"22,260.67","1,452.08",2003-11-11,2003-11-17,2,2401
20031104,Western,0.00,0.00,0.00,519.15,"22,556.02","1,348.28",2003-11-04,2003-11-10,2,2401
20031028,Western,0.00,0.00,0.00,1.38,"23,095.89","1,326.18",2003-10-28,2003-11-03,2,2401
20031021,Western,0.00,0.00,0.00,210.49,"23,162.03","1,050.94",2003-10-21,2003-10-27,2,2401
20031014,Western,0.00,0.00,0.00,289.27,"23,838.11",296.08,2003-10-14,2003-10-20,2,2401
20031007,Western,0.00,0.00,0.00,0.00,"23,785.19",638.26,2003-10-07,2003-10-13,2,2401
20030930,Western,0.00,0.00,0.00,0.00,"24,093.41",330.04,2003-09-30,2003-10-06,2,2401
20030923,Western,0.00,0.00,0.00,0.00,"24,021.56",401.90,2003-09-23,2003-09-29,2,2401
20030916,Western,0.00,0.00,0.00,0.00,"22,109.42","2,314.03",2003-09-16,2003-09-22,2,2401
20030909,Western,0.00,0.00,0.00,0.00,"22,857.20","1,566.25",2003-09-09,2003-09-15,2,2401
20030902,Western,0.00,0.00,0.00,0.00,"24,423.45",0.00,2003-09-02,2003-09-08,2,2401
20030826,Western,0.00,0.00,0.00,0.00,"24,423.45",0.00,2003-08-26,2003-09-01,2,2401
20030819,Western,0.00,0.00,0.00,0.00,"24,423.45",0.00,2003-08-19,2003-08-25,2,2401
20030812,Western,0.00,0.00,0.00,"1,278.58","23,144.88",0.00,2003-08-12,2003-08-18,2,2401
20030805,Western,0.00,0.00,0.00,"1,296.58","23,126.88",0.00,2003-08-05,2003-08-11,2,2401
20030729,Western,0.00,0.00,0.00,"1,203.10","23,220.35",0.00,2003-07-29,2003-08-04,2,2401
20030722,Western,0.00,0.00,893.77,"5,717.19","17,812.50",0.00,2003-07-22,2003-07-28,2,2401
20030715,Western,0.00,564.81,"2,569.26","21,289.39",0.00,0.00,2003-07-15,2003-07-21,2,2401
20030708,Western,2.14,"6,332.56","9,527.19","8,561.56",0.00,0.00,2003-07-08,2003-07-14,2,2401
20030701,Western,"2,888.51","8,491.07","9,911.61","3,132.27",0.00,0.00,2003-07-01,2003-07-07,2,2401
20030624,Western,"3,123.06","8,380.29","9,836.29","3,083.82",0.00,0.00,2003-06-24,2003-06-30,2,2401
20030617,Western,"3,281.14","7,360.07","10,439.23","3,343.02",0.00,0.00,2003-06-17,2003-06-23,2,2401
20030610,Western,"3,126.96","8,634.63","9,267.92","3,393.95",0.00,0.00,2003-06-10,2003-06-16,2,2401
20030603,Western,"16,643.91","4,781.67","2,997.88",0.00,0.00,0.00,2003-06-03,2003-06-09,2,2401
20030527,Western,"16,697.00","5,060.10","2,661.47",4.89,0.00,0.00,2003-05-27,2003-06-02,2,2401
20030520,Western,"16,162.87","5,401.09","2,859.50",0.00,0.00,0.00,2003-05-20,2003-05-26,2,2401
20030513,Western,"16,633.58","4,877.58","2,912.21",0.09,0.00,0.00,2003-05-13,2003-05-19,2,2401
20030506,Western,"16,101.97","5,055.85","3,191.98",73.66,0.00,0.00,2003-05-06,2003-05-12,2,2401
20030429,Western,"15,923.23","5,225.51","3,074.70",200.01,0.00,0.00,2003-04-29,2003-05-05,2,2401
20030422,Western,"16,542.49","5,012.07","2,702.74",166.16,0.00,0.00,2003-04-22,2003-04-28,2,2401
20030415,Western,"14,799.99","6,570.21","2,388.10",665.15,0.00,0.00,2003-04-15,2003-04-21,2,2401
20030408,Western,"14,443.61","6,835.32","2,351.78",792.74,0.00,0.00,2003-04-08,2003-04-14,2,2401
20030401,Western,"5,006.86","4,372.37","12,364.19","2,680.04",0.00,0.00,2003-04-01,2003-04-07,2,2401
20030325,Western,"4,742.21","3,512.62","10,759.43","5,409.19",0.00,0.00,2003-03-25,2003-03-31,2,2401
20030318,Western,"4,936.51","3,260.90","10,232.72","5,993.32",0.00,0.00,2003-03-18,2003-03-24,2,2401
20030311,Western,182.34,"7,610.62","10,558.77","6,071.73",0.00,0.00,2003-03-11,2003-03-17,2,2401
20030304,Western,0.00,"3,338.82","10,761.24","8,614.56","1,708.84",0.00,2003-03-04,2003-03-10,2,2401
20030225,Western,0.00,"3,282.32","11,331.30","7,777.92","2,031.91",0.00,2003-02-25,2003-03-03,2,2401
20030218,Western,0.00,"2,454.42","10,218.59","8,305.62","3,444.82",0.00,2003-02-18,2003-02-24,2,2401
20030211,Western,0.00,"2,538.37","10,192.04","8,933.26","2,759.79",0.00,2003-02-11,2003-02-17,2,2401
20030204,Western,0.00,"2,476.38","9,956.33","9,214.87","2,775.89",0.00,2003-02-04,2003-02-10,2,2401
20030128,Western,0.00,992.71,"4,440.09","12,381.48","6,609.18",0.00,2003-01-28,2003-02-03,2,2401
20030121,Western,0.00,304.66,"2,942.96","11,427.32","9,748.52",0.00,2003-01-21,2003-01-27,2,2401
20030114,Western,0.00,141.68,"2,421.21","11,283.57","10,576.99",0.00,2003-01-14,2003-01-20,2,2401
20030107,Western,0.00,"1,856.73","5,973.64","16,028.97",564.12,0.00,2003-01-07,2003-01-13,2,2401
20021231,Western,0.00,4.85,"8,657.54","14,948.33",812.74,0.00,2002-12-31,2003-01-06,2,2401
20021224,Western,0.00,0.00,"8,659.14","15,764.32",0.00,0.00,2002-12-24,2002-12-30,2,2401
20021217,Western,0.00,0.00,"8,657.82","15,765.64",0.00,0.00,2002-12-17,2002-12-23,2,2401
20021210,Western,0.00,0.00,"9,169.79","15,253.66",0.00,0.00,2002-12-10,2002-12-16,2,2401
20021203,Western,0.00,0.00,"8,725.88","15,697.57",0.00,0.00,2002-12-03,2002-12-09,2,2401
20021126,Western,0.00,0.00,"8,485.66","15,937.79",0.00,0.00,2002-11-26,2002-12-02,2,2401
20021119,Western,0.00,0.00,"8,681.78","15,741.68",0.00,0.00,2002-11-19,2002-11-25,2,2401
20021112,Western,0.00,0.00,"8,870.42","15,553.04",0.00,0.00,2002-11-12,2002-11-18,2,2401
20021105,Western,0.00,"1,537.80","16,247.68","6,637.97",0.00,0.00,2002-11-05,2002-11-11,2,2401
20021029,Western,0.00,"18,459.55","4,753.14","1,210.76",0.00,0.00,2002-10-29,2002-11-04,2,2401
20021022,Western,0.00,"17,949.02","5,528.87",945.56,0.00,0.00,2002-10-22,2002-10-28,2,2401
20021015,Western,0.00,"17,804.48","5,266.97","1,352.00",0.00,0.00,2002-10-15,2002-10-21,2,2401
20021008,Western,0.00,"17,646.42","5,277.46","1,499.58",0.00,0.00,2002-10-08,2002-10-14,2,2401
20021001,Western,0.00,"19,423.66","4,999.79",0.00,0.00,0.00,2002-10-01,2002-10-07,2,2401
20020924,Western,270.20,"18,069.23","5,543.82",540.21,0.00,0.00,2002-09-24,2002-09-30,2,2401
20020917,Western,"4,978.06","13,506.10","5,512.16",427.14,0.00,0.00,2002-09-17,2002-09-23,2,2401
20020910,Western,"3,149.82","14,400.38","5,765.25","1,108.00",0.00,0.00,2002-09-10,2002-09-16,2,2401
20020903,Western,"2,880.46","14,995.95","5,384.66","1,162.38",0.00,0.00,2002-09-03,2002-09-09,2,2401
20020827,Western,"2,779.13","14,702.30","5,771.78","1,170.24",0.00,0.00,2002-08-27,2002-09-02,2,2401
20020820,Western,"2,969.51","14,804.85","5,287.52","1,361.58",0.00,0.00,2002-08-20,2002-08-26,2,2401
20020813,Western,"2,912.49","14,795.58","5,392.31","1,323.08",0.00,0.00,2002-08-13,2002-08-19,2,2401
20020806,Western,"3,849.25","12,948.55","6,296.69","1,328.96",0.00,0.00,2002-08-06,2002-08-12,2,2401
20020730,Western,"4,065.07","12,576.04","7,435.99",346.36,0.00,0.00,2002-07-30,2002-08-05,2,2401
20020723,Western,"6,391.31","13,778.51","4,253.63",0.00,0.00,0.00,2002-07-23,2002-07-29,2,2401
20020716,Western,"7,923.05","12,838.06","3,662.34",0.00,0.00,0.00,2002-07-16,2002-07-22,2,2401
20020709,Western,"9,065.07","13,237.99","2,120.39",0.00,0.00,0.00,2002-07-09,2002-07-15,2,2401
20020702,Western,"9,824.06","12,705.36","1,894.03",0.00,0.00,0.00,2002-07-02,2002-07-08,2,2401
20020625,Western,"9,835.32","13,172.56","1,415.58",0.00,0.00,0.00,2002-06-25,2002-07-01,2,2401
20020618,Western,"9,848.74","13,443.42","1,131.30",0.00,0.00,0.00,2002-06-18,2002-06-24,2,2401
20020611,Western,"16,477.54","6,663.80","1,282.12",0.00,0.00,0.00,2002-06-11,2002-06-17,2,2401
20020604,Western,"12,651.21","8,485.59","3,240.62",46.04,0.00,0.00,2002-06-04,2002-06-10,2,2401
20020528,Western,"12,352.90","8,551.63","2,579.93",865.03,73.97,0.00,2002-05-28,2002-06-03,2,2401
20020521,Western,"10,604.84","9,961.93","3,215.71",640.98,0.00,0.00,2002-05-21,2002-05-27,2,2401
20020514,Western,"10,454.22","8,573.74","4,624.43",771.06,0.00,0.00,2002-05-14,2002-05-20,2,2401
20020507,Western,"10,969.79","6,572.05","3,846.97","3,034.64",0.00,0.00,2002-05-07,2002-05-13,2,2401
20020430,Western,"10,795.57","6,116.00","4,752.09","2,759.80",0.00,0.00,2002-04-30,2002-05-06,2,2401
20020423,Western,"10,785.93","5,856.35","4,842.88","2,938.30",0.00,0.00,2002-04-23,2002-04-29,2,2401
20020416,Western,"10,742.25","6,010.42","4,723.33","2,947.46",0.00,0.00,2002-04-16,2002-04-22,2,2401
20020409,Western,"9,318.59","6,374.25","7,294.06","1,436.55",0.00,0.00,2002-04-09,2002-04-15,2,2401
20020402,Western,"9,611.26","6,354.49","7,054.31","1,403.39",0.00,0.00,2002-04-02,2002-04-08,2,2401
20020326,Western,"9,209.25","6,331.32","7,425.43","1,457.45",0.00,0.00,2002-03-26,2002-04-01,2,2401
20020319,Western,"9,396.31","7,624.16","5,986.86","1,416.13",0.00,0.00,2002-03-19,2002-03-25,2,2401
20020312,Western,0.00,"2,754.62","11,292.12","10,376.71",0.00,0.00,2002-03-12,2002-03-18,2,2401
20020305,Western,0.01,"2,226.13","7,216.79","14,980.53",0.00,0.00,2002-03-05,2002-03-11,2,2401
20020226,Western,0.00,"2,851.63","7,826.53","13,745.30",0.00,0.00,2002-02-26,2002-03-04,2,2401
20020219,Western,0.00,"2,198.68","7,833.06","14,391.71",0.00,0.00,2002-02-19,2002-02-25,2,2401
20020212,Western,0.00,"2,176.89","7,913.35","14,333.21",0.00,0.00,2002-02-12,2002-02-18,2,2401
20020205,Western,121.43,"4,171.52","6,562.89","13,567.62",0.00,0.00,2002-02-05,2002-02-11,2,2401
20020129,Western,92.75,"3,965.50","6,133.75","14,231.45",0.00,0.00,2002-01-29,2002-02-04,2,2401
20020122,Western,0.00,0.00,"3,677.24","20,746.21",0.00,0.00,2002-01-22,2002-01-28,2,2401
20020115,Western,0.00,0.00,"3,908.88","20,514.58",0.00,0.00,2002-01-15,2002-01-21,2,2401
20020108,Western,0.00,0.00,1.40,"24,422.06",0.00,0.00,2002-01-08,2002-01-14,2,2401
20020101,Western,0.00,0.00,0.00,"14,535.67","9,887.79",0.00,2002-01-01,2002-01-07,2,2401
20011225,Western,0.00,0.00,0.00,"14,784.07","9,639.38",0.00,2001-12-25,2001-12-31,2,2401
20011218,Western,0.00,0.00,0.00,"14,784.07","9,639.38",0.00,2001-12-18,2001-12-24,2,2401
